# Blender 4.2.0
# www.blender.org
o Torus
v 0.500000 0.000000 0.000000
v 0.494889 0.038823 0.000000
v 0.479904 0.075000 0.000000
v 0.456066 0.106066 0.000000
v 0.425000 0.129904 0.000000
v 0.388823 0.144889 0.000000
v 0.350000 0.150000 0.000000
v 0.311177 0.144889 0.000000
v 0.275000 0.129904 0.000000
v 0.243934 0.106066 0.000000
v 0.220096 0.075000 0.000000
v 0.205111 0.038823 0.000000
v 0.200000 0.000000 0.000000
v 0.205111 -0.038823 0.000000
v 0.220096 -0.075000 0.000000
v 0.243934 -0.106066 0.000000
v 0.275000 -0.129904 0.000000
v 0.311177 -0.144889 0.000000
v 0.350000 -0.150000 0.000000
v 0.388823 -0.144889 0.000000
v 0.425000 -0.129904 0.000000
v 0.456066 -0.106066 0.000000
v 0.479904 -0.075000 0.000000
v 0.494889 -0.038823 0.000000
v 0.495722 0.000000 -0.065263
v 0.490655 0.038823 -0.064596
v 0.475798 0.075000 -0.062640
v 0.452164 0.106066 -0.059529
v 0.421364 0.129904 -0.055474
v 0.385496 0.144889 -0.050752
v 0.347006 0.150000 -0.045684
v 0.308515 0.144889 -0.040617
v 0.272647 0.129904 -0.035895
v 0.241847 0.106066 -0.031840
v 0.218213 0.075000 -0.028728
v 0.203356 0.038823 -0.026772
v 0.198289 0.000000 -0.026105
v 0.203356 -0.038823 -0.026772
v 0.218213 -0.075000 -0.028728
v 0.241847 -0.106066 -0.031840
v 0.272647 -0.129904 -0.035895
v 0.308515 -0.144889 -0.040617
v 0.347006 -0.150000 -0.045684
v 0.385496 -0.144889 -0.050752
v 0.421364 -0.129904 -0.055474
v 0.452164 -0.106066 -0.059529
v 0.475798 -0.075000 -0.062640
v 0.490655 -0.038823 -0.064596
v 0.482963 0.000000 -0.129409
v 0.478026 0.038823 -0.128087
v 0.463551 0.075000 -0.124208
v 0.440526 0.106066 -0.118039
v 0.410518 0.129904 -0.109998
v 0.375574 0.144889 -0.100635
v 0.338074 0.150000 -0.090587
v 0.300574 0.144889 -0.080539
v 0.265630 0.129904 -0.071175
v 0.235622 0.106066 -0.063135
v 0.212597 0.075000 -0.056965
v 0.198122 0.038823 -0.053087
v 0.193185 0.000000 -0.051764
v 0.198122 -0.038823 -0.053087
v 0.212597 -0.075000 -0.056965
v 0.235622 -0.106066 -0.063135
v 0.265630 -0.129904 -0.071175
v 0.300574 -0.144889 -0.080539
v 0.338074 -0.150000 -0.090587
v 0.375574 -0.144889 -0.100635
v 0.410518 -0.129904 -0.109998
v 0.440526 -0.106066 -0.118039
v 0.463551 -0.075000 -0.124208
v 0.478026 -0.038823 -0.128087
v 0.461940 0.000000 -0.191342
v 0.457218 0.038823 -0.189386
v 0.443373 0.075000 -0.183651
v 0.421350 0.106066 -0.174529
v 0.392649 0.129904 -0.162640
v 0.359225 0.144889 -0.148796
v 0.323358 0.150000 -0.133939
v 0.287490 0.144889 -0.119082
v 0.254067 0.129904 -0.105238
v 0.225366 0.106066 -0.093349
v 0.203342 0.075000 -0.084227
v 0.189498 0.038823 -0.078493
v 0.184776 0.000000 -0.076537
v 0.189498 -0.038823 -0.078493
v 0.203342 -0.075000 -0.084227
v 0.225366 -0.106066 -0.093349
v 0.254067 -0.129904 -0.105238
v 0.287490 -0.144889 -0.119082
v 0.323358 -0.150000 -0.133939
v 0.359225 -0.144889 -0.148796
v 0.392649 -0.129904 -0.162640
v 0.421350 -0.106066 -0.174529
v 0.443373 -0.075000 -0.183651
v 0.457218 -0.038823 -0.189386
v 0.433013 0.000000 -0.250000
v 0.428586 0.038823 -0.247444
v 0.415609 0.075000 -0.239952
v 0.394965 0.106066 -0.228033
v 0.368061 0.129904 -0.212500
v 0.336730 0.144889 -0.194411
v 0.303109 0.150000 -0.175000
v 0.269487 0.144889 -0.155589
v 0.238157 0.129904 -0.137500
v 0.211253 0.106066 -0.121967
v 0.190609 0.075000 -0.110048
v 0.177631 0.038823 -0.102556
v 0.173205 0.000000 -0.100000
v 0.177631 -0.038823 -0.102556
v 0.190609 -0.075000 -0.110048
v 0.211253 -0.106066 -0.121967
v 0.238157 -0.129904 -0.137500
v 0.269487 -0.144889 -0.155589
v 0.303109 -0.150000 -0.175000
v 0.336730 -0.144889 -0.194411
v 0.368061 -0.129904 -0.212500
v 0.394965 -0.106066 -0.228033
v 0.415609 -0.075000 -0.239952
v 0.428586 -0.038823 -0.247444
v 0.396677 0.000000 -0.304381
v 0.392622 0.038823 -0.301269
v 0.380733 0.075000 -0.292147
v 0.361822 0.106066 -0.277635
v 0.337175 0.129904 -0.258724
v 0.308474 0.144889 -0.236700
v 0.277674 0.150000 -0.213066
v 0.246873 0.144889 -0.189433
v 0.218172 0.129904 -0.167409
v 0.193526 0.106066 -0.148498
v 0.174614 0.075000 -0.133986
v 0.162726 0.038823 -0.124864
v 0.158671 0.000000 -0.121752
v 0.162726 -0.038823 -0.124864
v 0.174614 -0.075000 -0.133986
v 0.193526 -0.106066 -0.148498
v 0.218172 -0.129904 -0.167409
v 0.246873 -0.144889 -0.189433
v 0.277674 -0.150000 -0.213066
v 0.308474 -0.144889 -0.236700
v 0.337175 -0.129904 -0.258724
v 0.361822 -0.106066 -0.277635
v 0.380733 -0.075000 -0.292147
v 0.392622 -0.038823 -0.301269
v 0.353553 0.000000 -0.353553
v 0.349939 0.038823 -0.349939
v 0.339343 0.075000 -0.339343
v 0.322487 0.106066 -0.322487
v 0.300520 0.129904 -0.300520
v 0.274939 0.144889 -0.274939
v 0.247487 0.150000 -0.247487
v 0.220035 0.144889 -0.220035
v 0.194454 0.129904 -0.194454
v 0.172487 0.106066 -0.172487
v 0.155631 0.075000 -0.155632
v 0.145035 0.038823 -0.145035
v 0.141421 0.000000 -0.141421
v 0.145035 -0.038823 -0.145035
v 0.155631 -0.075000 -0.155632
v 0.172487 -0.106066 -0.172487
v 0.194454 -0.129904 -0.194454
v 0.220035 -0.144889 -0.220035
v 0.247487 -0.150000 -0.247487
v 0.274939 -0.144889 -0.274939
v 0.300520 -0.129904 -0.300520
v 0.322487 -0.106066 -0.322487
v 0.339343 -0.075000 -0.339343
v 0.349939 -0.038823 -0.349939
v 0.304381 0.000000 -0.396677
v 0.301269 0.038823 -0.392622
v 0.292147 0.075000 -0.380733
v 0.277635 0.106066 -0.361821
v 0.258724 0.129904 -0.337175
v 0.236700 0.144889 -0.308474
v 0.213067 0.150000 -0.277674
v 0.189433 0.144889 -0.246873
v 0.167409 0.129904 -0.218172
v 0.148498 0.106066 -0.193526
v 0.133986 0.075000 -0.174614
v 0.124864 0.038823 -0.162726
v 0.121752 0.000000 -0.158671
v 0.124864 -0.038823 -0.162726
v 0.133986 -0.075000 -0.174614
v 0.148498 -0.106066 -0.193526
v 0.167409 -0.129904 -0.218172
v 0.189433 -0.144889 -0.246873
v 0.213067 -0.150000 -0.277674
v 0.236700 -0.144889 -0.308474
v 0.258724 -0.129904 -0.337175
v 0.277635 -0.106066 -0.361821
v 0.292147 -0.075000 -0.380733
v 0.301269 -0.038823 -0.392622
v 0.250000 0.000000 -0.433013
v 0.247444 0.038823 -0.428586
v 0.239952 0.075000 -0.415609
v 0.228033 0.106066 -0.394965
v 0.212500 0.129904 -0.368061
v 0.194411 0.144889 -0.336730
v 0.175000 0.150000 -0.303109
v 0.155589 0.144889 -0.269487
v 0.137500 0.129904 -0.238157
v 0.121967 0.106066 -0.211253
v 0.110048 0.075000 -0.190609
v 0.102556 0.038823 -0.177631
v 0.100000 0.000000 -0.173205
v 0.102556 -0.038823 -0.177631
v 0.110048 -0.075000 -0.190609
v 0.121967 -0.106066 -0.211253
v 0.137500 -0.129904 -0.238157
v 0.155589 -0.144889 -0.269487
v 0.175000 -0.150000 -0.303109
v 0.194411 -0.144889 -0.336730
v 0.212500 -0.129904 -0.368061
v 0.228033 -0.106066 -0.394965
v 0.239952 -0.075000 -0.415609
v 0.247444 -0.038823 -0.428586
v 0.191342 0.000000 -0.461940
v 0.189386 0.038823 -0.457218
v 0.183651 0.075000 -0.443373
v 0.174529 0.106066 -0.421350
v 0.162641 0.129904 -0.392649
v 0.148796 0.144889 -0.359225
v 0.133939 0.150000 -0.323358
v 0.119082 0.144889 -0.287490
v 0.105238 0.129904 -0.254067
v 0.093350 0.106066 -0.225366
v 0.084227 0.075000 -0.203342
v 0.078493 0.038823 -0.189498
v 0.076537 0.000000 -0.184776
v 0.078493 -0.038823 -0.189498
v 0.084227 -0.075000 -0.203342
v 0.093350 -0.106066 -0.225366
v 0.105238 -0.129904 -0.254067
v 0.119082 -0.144889 -0.287490
v 0.133939 -0.150000 -0.323358
v 0.148796 -0.144889 -0.359225
v 0.162641 -0.129904 -0.392649
v 0.174529 -0.106066 -0.421350
v 0.183651 -0.075000 -0.443373
v 0.189386 -0.038823 -0.457218
v 0.129410 0.000000 -0.482963
v 0.128087 0.038823 -0.478026
v 0.124208 0.075000 -0.463551
v 0.118039 0.106066 -0.440526
v 0.109998 0.129904 -0.410518
v 0.100635 0.144889 -0.375574
v 0.090587 0.150000 -0.338074
v 0.080539 0.144889 -0.300574
v 0.071175 0.129904 -0.265630
v 0.063135 0.106066 -0.235622
v 0.056965 0.075000 -0.212597
v 0.053087 0.038823 -0.198122
v 0.051764 0.000000 -0.193185
v 0.053087 -0.038823 -0.198122
v 0.056965 -0.075000 -0.212597
v 0.063135 -0.106066 -0.235622
v 0.071175 -0.129904 -0.265630
v 0.080539 -0.144889 -0.300574
v 0.090587 -0.150000 -0.338074
v 0.100635 -0.144889 -0.375574
v 0.109998 -0.129904 -0.410518
v 0.118039 -0.106066 -0.440526
v 0.124208 -0.075000 -0.463551
v 0.128087 -0.038823 -0.478026
v 0.065263 0.000000 -0.495722
v 0.064596 0.038823 -0.490655
v 0.062640 0.075000 -0.475798
v 0.059528 0.106066 -0.452164
v 0.055474 0.129904 -0.421364
v 0.050751 0.144889 -0.385496
v 0.045684 0.150000 -0.347006
v 0.040617 0.144889 -0.308515
v 0.035895 0.129904 -0.272647
v 0.031840 0.106066 -0.241847
v 0.028728 0.075000 -0.218213
v 0.026772 0.038823 -0.203356
v 0.026105 0.000000 -0.198289
v 0.026772 -0.038823 -0.203356
v 0.028728 -0.075000 -0.218213
v 0.031840 -0.106066 -0.241847
v 0.035895 -0.129904 -0.272647
v 0.040617 -0.144889 -0.308515
v 0.045684 -0.150000 -0.347006
v 0.050751 -0.144889 -0.385496
v 0.055474 -0.129904 -0.421364
v 0.059528 -0.106066 -0.452164
v 0.062640 -0.075000 -0.475798
v 0.064596 -0.038823 -0.490655
v 0.000000 0.000000 -0.500000
v 0.000000 0.038823 -0.494889
v 0.000000 0.075000 -0.479904
v 0.000000 0.106066 -0.456066
v 0.000000 0.129904 -0.425000
v 0.000000 0.144889 -0.388823
v 0.000000 0.150000 -0.350000
v 0.000000 0.144889 -0.311177
v 0.000000 0.129904 -0.275000
v 0.000000 0.106066 -0.243934
v 0.000000 0.075000 -0.220096
v 0.000000 0.038823 -0.205111
v 0.000000 0.000000 -0.200000
v 0.000000 -0.038823 -0.205111
v 0.000000 -0.075000 -0.220096
v 0.000000 -0.106066 -0.243934
v 0.000000 -0.129904 -0.275000
v 0.000000 -0.144889 -0.311177
v 0.000000 -0.150000 -0.350000
v 0.000000 -0.144889 -0.388823
v 0.000000 -0.129904 -0.425000
v 0.000000 -0.106066 -0.456066
v 0.000000 -0.075000 -0.479904
v 0.000000 -0.038823 -0.494889
v -0.065263 0.000000 -0.495722
v -0.064596 0.038823 -0.490655
v -0.062640 0.075000 -0.475798
v -0.059529 0.106066 -0.452164
v -0.055474 0.129904 -0.421364
v -0.050752 0.144889 -0.385496
v -0.045684 0.150000 -0.347006
v -0.040617 0.144889 -0.308515
v -0.035895 0.129904 -0.272647
v -0.031840 0.106066 -0.241847
v -0.028728 0.075000 -0.218213
v -0.026772 0.038823 -0.203356
v -0.026105 0.000000 -0.198289
v -0.026772 -0.038823 -0.203356
v -0.028728 -0.075000 -0.218213
v -0.031840 -0.106066 -0.241847
v -0.035895 -0.129904 -0.272647
v -0.040617 -0.144889 -0.308515
v -0.045684 -0.150000 -0.347006
v -0.050752 -0.144889 -0.385496
v -0.055474 -0.129904 -0.421364
v -0.059529 -0.106066 -0.452164
v -0.062640 -0.075000 -0.475798
v -0.064596 -0.038823 -0.490655
v -0.129409 0.000000 -0.482963
v -0.128087 0.038823 -0.478026
v -0.124208 0.075000 -0.463552
v -0.118039 0.106066 -0.440526
v -0.109998 0.129904 -0.410518
v -0.100635 0.144889 -0.375574
v -0.090587 0.150000 -0.338074
v -0.080539 0.144889 -0.300574
v -0.071175 0.129904 -0.265630
v -0.063135 0.106066 -0.235622
v -0.056965 0.075000 -0.212597
v -0.053087 0.038823 -0.198122
v -0.051764 0.000000 -0.193185
v -0.053087 -0.038823 -0.198122
v -0.056965 -0.075000 -0.212597
v -0.063135 -0.106066 -0.235622
v -0.071175 -0.129904 -0.265630
v -0.080539 -0.144889 -0.300574
v -0.090587 -0.150000 -0.338074
v -0.100635 -0.144889 -0.375574
v -0.109998 -0.129904 -0.410518
v -0.118039 -0.106066 -0.440526
v -0.124208 -0.075000 -0.463552
v -0.128087 -0.038823 -0.478026
v -0.191342 0.000000 -0.461940
v -0.189386 0.038823 -0.457218
v -0.183651 0.075000 -0.443373
v -0.174529 0.106066 -0.421350
v -0.162640 0.129904 -0.392649
v -0.148796 0.144889 -0.359225
v -0.133939 0.150000 -0.323358
v -0.119082 0.144889 -0.287490
v -0.105238 0.129904 -0.254067
v -0.093350 0.106066 -0.225366
v -0.084227 0.075000 -0.203342
v -0.078493 0.038823 -0.189498
v -0.076537 0.000000 -0.184776
v -0.078493 -0.038823 -0.189498
v -0.084227 -0.075000 -0.203342
v -0.093350 -0.106066 -0.225366
v -0.105238 -0.129904 -0.254067
v -0.119082 -0.144889 -0.287490
v -0.133939 -0.150000 -0.323358
v -0.148796 -0.144889 -0.359225
v -0.162640 -0.129904 -0.392649
v -0.174529 -0.106066 -0.421350
v -0.183651 -0.075000 -0.443373
v -0.189386 -0.038823 -0.457218
v -0.250000 0.000000 -0.433013
v -0.247444 0.038823 -0.428586
v -0.239952 0.075000 -0.415609
v -0.228033 0.106066 -0.394965
v -0.212500 0.129904 -0.368061
v -0.194411 0.144889 -0.336731
v -0.175000 0.150000 -0.303109
v -0.155589 0.144889 -0.269487
v -0.137500 0.129904 -0.238157
v -0.121967 0.106066 -0.211253
v -0.110048 0.075000 -0.190609
v -0.102556 0.038823 -0.177631
v -0.100000 0.000000 -0.173205
v -0.102556 -0.038823 -0.177631
v -0.110048 -0.075000 -0.190609
v -0.121967 -0.106066 -0.211253
v -0.137500 -0.129904 -0.238157
v -0.155589 -0.144889 -0.269487
v -0.175000 -0.150000 -0.303109
v -0.194411 -0.144889 -0.336731
v -0.212500 -0.129904 -0.368061
v -0.228033 -0.106066 -0.394965
v -0.239952 -0.075000 -0.415609
v -0.247444 -0.038823 -0.428586
v -0.304381 0.000000 -0.396677
v -0.301269 0.038823 -0.392622
v -0.292147 0.075000 -0.380733
v -0.277635 0.106066 -0.361821
v -0.258724 0.129904 -0.337175
v -0.236700 0.144889 -0.308474
v -0.213067 0.150000 -0.277674
v -0.189433 0.144889 -0.246873
v -0.167409 0.129904 -0.218172
v -0.148498 0.106066 -0.193526
v -0.133986 0.075000 -0.174614
v -0.124864 0.038823 -0.162726
v -0.121752 0.000000 -0.158671
v -0.124864 -0.038823 -0.162726
v -0.133986 -0.075000 -0.174614
v -0.148498 -0.106066 -0.193526
v -0.167409 -0.129904 -0.218172
v -0.189433 -0.144889 -0.246873
v -0.213067 -0.150000 -0.277674
v -0.236700 -0.144889 -0.308474
v -0.258724 -0.129904 -0.337175
v -0.277635 -0.106066 -0.361821
v -0.292147 -0.075000 -0.380733
v -0.301269 -0.038823 -0.392622
v -0.353553 0.000000 -0.353553
v -0.349939 0.038823 -0.349939
v -0.339343 0.075000 -0.339343
v -0.322487 0.106066 -0.322487
v -0.300520 0.129904 -0.300520
v -0.274939 0.144889 -0.274939
v -0.247487 0.150000 -0.247487
v -0.220036 0.144889 -0.220035
v -0.194454 0.129904 -0.194454
v -0.172487 0.106066 -0.172487
v -0.155632 0.075000 -0.155631
v -0.145035 0.038823 -0.145035
v -0.141421 0.000000 -0.141421
v -0.145035 -0.038823 -0.145035
v -0.155632 -0.075000 -0.155631
v -0.172487 -0.106066 -0.172487
v -0.194454 -0.129904 -0.194454
v -0.220036 -0.144889 -0.220035
v -0.247487 -0.150000 -0.247487
v -0.274939 -0.144889 -0.274939
v -0.300520 -0.129904 -0.300520
v -0.322487 -0.106066 -0.322487
v -0.339343 -0.075000 -0.339343
v -0.349939 -0.038823 -0.349939
v -0.396677 0.000000 -0.304381
v -0.392622 0.038823 -0.301269
v -0.380733 0.075000 -0.292147
v -0.361821 0.106066 -0.277635
v -0.337175 0.129904 -0.258724
v -0.308474 0.144889 -0.236700
v -0.277674 0.150000 -0.213067
v -0.246873 0.144889 -0.189433
v -0.218172 0.129904 -0.167409
v -0.193526 0.106066 -0.148498
v -0.174614 0.075000 -0.133986
v -0.162726 0.038823 -0.124864
v -0.158671 0.000000 -0.121752
v -0.162726 -0.038823 -0.124864
v -0.174614 -0.075000 -0.133986
v -0.193526 -0.106066 -0.148498
v -0.218172 -0.129904 -0.167409
v -0.246873 -0.144889 -0.189433
v -0.277674 -0.150000 -0.213067
v -0.308474 -0.144889 -0.236700
v -0.337175 -0.129904 -0.258724
v -0.361821 -0.106066 -0.277635
v -0.380733 -0.075000 -0.292147
v -0.392622 -0.038823 -0.301269
v -0.433013 0.000000 -0.250000
v -0.428586 0.038823 -0.247445
v -0.415609 0.075000 -0.239952
v -0.394965 0.106066 -0.228033
v -0.368061 0.129904 -0.212500
v -0.336730 0.144889 -0.194412
v -0.303109 0.150000 -0.175000
v -0.269487 0.144889 -0.155589
v -0.238157 0.129904 -0.137500
v -0.211253 0.106066 -0.121967
v -0.190609 0.075000 -0.110048
v -0.177631 0.038823 -0.102556
v -0.173205 0.000000 -0.100000
v -0.177631 -0.038823 -0.102556
v -0.190609 -0.075000 -0.110048
v -0.211253 -0.106066 -0.121967
v -0.238157 -0.129904 -0.137500
v -0.269487 -0.144889 -0.155589
v -0.303109 -0.150000 -0.175000
v -0.336730 -0.144889 -0.194412
v -0.368061 -0.129904 -0.212500
v -0.394965 -0.106066 -0.228033
v -0.415609 -0.075000 -0.239952
v -0.428586 -0.038823 -0.247445
v -0.461940 0.000000 -0.191342
v -0.457218 0.038823 -0.189386
v -0.443373 0.075000 -0.183651
v -0.421350 0.106066 -0.174529
v -0.392649 0.129904 -0.162640
v -0.359225 0.144889 -0.148796
v -0.323358 0.150000 -0.133939
v -0.287490 0.144889 -0.119082
v -0.254067 0.129904 -0.105238
v -0.225366 0.106066 -0.093350
v -0.203342 0.075000 -0.084227
v -0.189498 0.038823 -0.078493
v -0.184776 0.000000 -0.076537
v -0.189498 -0.038823 -0.078493
v -0.203342 -0.075000 -0.084227
v -0.225366 -0.106066 -0.093350
v -0.254067 -0.129904 -0.105238
v -0.287490 -0.144889 -0.119082
v -0.323358 -0.150000 -0.133939
v -0.359225 -0.144889 -0.148796
v -0.392649 -0.129904 -0.162640
v -0.421350 -0.106066 -0.174529
v -0.443373 -0.075000 -0.183651
v -0.457218 -0.038823 -0.189386
v -0.482963 0.000000 -0.129409
v -0.478026 0.038823 -0.128087
v -0.463552 0.075000 -0.124208
v -0.440526 0.106066 -0.118039
v -0.410518 0.129904 -0.109998
v -0.375574 0.144889 -0.100635
v -0.338074 0.150000 -0.090587
v -0.300574 0.144889 -0.080539
v -0.265630 0.129904 -0.071175
v -0.235622 0.106066 -0.063135
v -0.212597 0.075000 -0.056965
v -0.198122 0.038823 -0.053087
v -0.193185 0.000000 -0.051764
v -0.198122 -0.038823 -0.053087
v -0.212597 -0.075000 -0.056965
v -0.235622 -0.106066 -0.063135
v -0.265630 -0.129904 -0.071175
v -0.300574 -0.144889 -0.080539
v -0.338074 -0.150000 -0.090587
v -0.375574 -0.144889 -0.100635
v -0.410518 -0.129904 -0.109998
v -0.440526 -0.106066 -0.118039
v -0.463552 -0.075000 -0.124208
v -0.478026 -0.038823 -0.128087
v -0.495722 0.000000 -0.065263
v -0.490655 0.038823 -0.064596
v -0.475798 0.075000 -0.062640
v -0.452164 0.106066 -0.059529
v -0.421364 0.129904 -0.055474
v -0.385496 0.144889 -0.050752
v -0.347006 0.150000 -0.045684
v -0.308515 0.144889 -0.040617
v -0.272647 0.129904 -0.035895
v -0.241847 0.106066 -0.031840
v -0.218213 0.075000 -0.028728
v -0.203356 0.038823 -0.026772
v -0.198289 0.000000 -0.026105
v -0.203356 -0.038823 -0.026772
v -0.218213 -0.075000 -0.028728
v -0.241847 -0.106066 -0.031840
v -0.272647 -0.129904 -0.035895
v -0.308515 -0.144889 -0.040617
v -0.347006 -0.150000 -0.045684
v -0.385496 -0.144889 -0.050752
v -0.421364 -0.129904 -0.055474
v -0.452164 -0.106066 -0.059529
v -0.475798 -0.075000 -0.062640
v -0.490655 -0.038823 -0.064596
v -0.500000 0.000000 -0.000000
v -0.494889 0.038823 -0.000000
v -0.479904 0.075000 -0.000000
v -0.456066 0.106066 -0.000000
v -0.425000 0.129904 -0.000000
v -0.388823 0.144889 -0.000000
v -0.350000 0.150000 -0.000000
v -0.311177 0.144889 -0.000000
v -0.275000 0.129904 -0.000000
v -0.243934 0.106066 -0.000000
v -0.220096 0.075000 -0.000000
v -0.205111 0.038823 -0.000000
v -0.200000 0.000000 -0.000000
v -0.205111 -0.038823 -0.000000
v -0.220096 -0.075000 -0.000000
v -0.243934 -0.106066 -0.000000
v -0.275000 -0.129904 -0.000000
v -0.311177 -0.144889 -0.000000
v -0.350000 -0.150000 -0.000000
v -0.388823 -0.144889 -0.000000
v -0.425000 -0.129904 -0.000000
v -0.456066 -0.106066 -0.000000
v -0.479904 -0.075000 -0.000000
v -0.494889 -0.038823 -0.000000
v -0.495722 0.000000 0.065263
v -0.490655 0.038823 0.064596
v -0.475798 0.075000 0.062640
v -0.452164 0.106066 0.059529
v -0.421364 0.129904 0.055474
v -0.385496 0.144889 0.050752
v -0.347006 0.150000 0.045684
v -0.308515 0.144889 0.040617
v -0.272647 0.129904 0.035895
v -0.241847 0.106066 0.031840
v -0.218213 0.075000 0.028728
v -0.203356 0.038823 0.026772
v -0.198289 0.000000 0.026105
v -0.203356 -0.038823 0.026772
v -0.218213 -0.075000 0.028728
v -0.241847 -0.106066 0.031840
v -0.272647 -0.129904 0.035895
v -0.308515 -0.144889 0.040617
v -0.347006 -0.150000 0.045684
v -0.385496 -0.144889 0.050752
v -0.421364 -0.129904 0.055474
v -0.452164 -0.106066 0.059529
v -0.475798 -0.075000 0.062640
v -0.490655 -0.038823 0.064596
v -0.482963 0.000000 0.129409
v -0.478026 0.038823 0.128087
v -0.463552 0.075000 0.124208
v -0.440526 0.106066 0.118039
v -0.410518 0.129904 0.109998
v -0.375574 0.144889 0.100635
v -0.338074 0.150000 0.090587
v -0.300574 0.144889 0.080539
v -0.265630 0.129904 0.071175
v -0.235622 0.106066 0.063135
v -0.212597 0.075000 0.056965
v -0.198122 0.038823 0.053087
v -0.193185 0.000000 0.051764
v -0.198122 -0.038823 0.053087
v -0.212597 -0.075000 0.056965
v -0.235622 -0.106066 0.063135
v -0.265630 -0.129904 0.071175
v -0.300574 -0.144889 0.080539
v -0.338074 -0.150000 0.090587
v -0.375574 -0.144889 0.100635
v -0.410518 -0.129904 0.109998
v -0.440526 -0.106066 0.118039
v -0.463552 -0.075000 0.124208
v -0.478026 -0.038823 0.128087
v -0.461940 0.000000 0.191342
v -0.457218 0.038823 0.189386
v -0.443373 0.075000 0.183651
v -0.421350 0.106066 0.174529
v -0.392649 0.129904 0.162640
v -0.359226 0.144889 0.148796
v -0.323358 0.150000 0.133939
v -0.287490 0.144889 0.119082
v -0.254067 0.129904 0.105238
v -0.225366 0.106066 0.093349
v -0.203342 0.075000 0.084227
v -0.189498 0.038823 0.078493
v -0.184776 0.000000 0.076537
v -0.189498 -0.038823 0.078493
v -0.203342 -0.075000 0.084227
v -0.225366 -0.106066 0.093349
v -0.254067 -0.129904 0.105238
v -0.287490 -0.144889 0.119082
v -0.323358 -0.150000 0.133939
v -0.359226 -0.144889 0.148796
v -0.392649 -0.129904 0.162640
v -0.421350 -0.106066 0.174529
v -0.443373 -0.075000 0.183651
v -0.457218 -0.038823 0.189386
v -0.433013 0.000000 0.250000
v -0.428586 0.038823 0.247444
v -0.415609 0.075000 0.239952
v -0.394965 0.106066 0.228033
v -0.368061 0.129904 0.212500
v -0.336731 0.144889 0.194411
v -0.303109 0.150000 0.175000
v -0.269487 0.144889 0.155589
v -0.238157 0.129904 0.137500
v -0.211253 0.106066 0.121967
v -0.190609 0.075000 0.110048
v -0.177631 0.038823 0.102556
v -0.173205 0.000000 0.100000
v -0.177631 -0.038823 0.102556
v -0.190609 -0.075000 0.110048
v -0.211253 -0.106066 0.121967
v -0.238157 -0.129904 0.137500
v -0.269487 -0.144889 0.155589
v -0.303109 -0.150000 0.175000
v -0.336731 -0.144889 0.194411
v -0.368061 -0.129904 0.212500
v -0.394965 -0.106066 0.228033
v -0.415609 -0.075000 0.239952
v -0.428586 -0.038823 0.247444
v -0.396677 0.000000 0.304381
v -0.392622 0.038823 0.301269
v -0.380733 0.075000 0.292147
v -0.361821 0.106066 0.277635
v -0.337175 0.129904 0.258724
v -0.308474 0.144889 0.236700
v -0.277674 0.150000 0.213067
v -0.246873 0.144889 0.189433
v -0.218172 0.129904 0.167409
v -0.193526 0.106066 0.148498
v -0.174614 0.075000 0.133986
v -0.162726 0.038823 0.124864
v -0.158671 0.000000 0.121752
v -0.162726 -0.038823 0.124864
v -0.174614 -0.075000 0.133986
v -0.193526 -0.106066 0.148498
v -0.218172 -0.129904 0.167409
v -0.246873 -0.144889 0.189433
v -0.277674 -0.150000 0.213067
v -0.308474 -0.144889 0.236700
v -0.337175 -0.129904 0.258724
v -0.361821 -0.106066 0.277635
v -0.380733 -0.075000 0.292147
v -0.392622 -0.038823 0.301269
v -0.353553 0.000000 0.353553
v -0.349939 0.038823 0.349939
v -0.339343 0.075000 0.339343
v -0.322487 0.106066 0.322487
v -0.300520 0.129904 0.300520
v -0.274939 0.144889 0.274939
v -0.247487 0.150000 0.247487
v -0.220036 0.144889 0.220035
v -0.194454 0.129904 0.194454
v -0.172487 0.106066 0.172487
v -0.155632 0.075000 0.155631
v -0.145035 0.038823 0.145035
v -0.141421 0.000000 0.141421
v -0.145035 -0.038823 0.145035
v -0.155632 -0.075000 0.155631
v -0.172487 -0.106066 0.172487
v -0.194454 -0.129904 0.194454
v -0.220036 -0.144889 0.220035
v -0.247487 -0.150000 0.247487
v -0.274939 -0.144889 0.274939
v -0.300520 -0.129904 0.300520
v -0.322487 -0.106066 0.322487
v -0.339343 -0.075000 0.339343
v -0.349939 -0.038823 0.349939
v -0.304381 0.000000 0.396677
v -0.301269 0.038823 0.392622
v -0.292147 0.075000 0.380733
v -0.277636 0.106066 0.361821
v -0.258724 0.129904 0.337175
v -0.236701 0.144889 0.308474
v -0.213067 0.150000 0.277674
v -0.189433 0.144889 0.246873
v -0.167409 0.129904 0.218172
v -0.148498 0.106066 0.193526
v -0.133986 0.075000 0.174614
v -0.124864 0.038823 0.162726
v -0.121752 0.000000 0.158671
v -0.124864 -0.038823 0.162726
v -0.133986 -0.075000 0.174614
v -0.148498 -0.106066 0.193526
v -0.167409 -0.129904 0.218172
v -0.189433 -0.144889 0.246873
v -0.213067 -0.150000 0.277674
v -0.236701 -0.144889 0.308474
v -0.258724 -0.129904 0.337175
v -0.277636 -0.106066 0.361821
v -0.292147 -0.075000 0.380733
v -0.301269 -0.038823 0.392622
v -0.250000 0.000000 0.433013
v -0.247444 0.038823 0.428586
v -0.239952 0.075000 0.415609
v -0.228033 0.106066 0.394965
v -0.212500 0.129904 0.368061
v -0.194411 0.144889 0.336731
v -0.175000 0.150000 0.303109
v -0.155589 0.144889 0.269487
v -0.137500 0.129904 0.238157
v -0.121967 0.106066 0.211253
v -0.110048 0.075000 0.190609
v -0.102556 0.038823 0.177631
v -0.100000 0.000000 0.173205
v -0.102556 -0.038823 0.177631
v -0.110048 -0.075000 0.190609
v -0.121967 -0.106066 0.211253
v -0.137500 -0.129904 0.238157
v -0.155589 -0.144889 0.269487
v -0.175000 -0.150000 0.303109
v -0.194411 -0.144889 0.336731
v -0.212500 -0.129904 0.368061
v -0.228033 -0.106066 0.394965
v -0.239952 -0.075000 0.415609
v -0.247444 -0.038823 0.428586
v -0.191342 0.000000 0.461940
v -0.189386 0.038823 0.457218
v -0.183651 0.075000 0.443373
v -0.174529 0.106066 0.421350
v -0.162640 0.129904 0.392649
v -0.148796 0.144889 0.359225
v -0.133939 0.150000 0.323358
v -0.119082 0.144889 0.287490
v -0.105238 0.129904 0.254067
v -0.093350 0.106066 0.225366
v -0.084227 0.075000 0.203342
v -0.078493 0.038823 0.189498
v -0.076537 0.000000 0.184776
v -0.078493 -0.038823 0.189498
v -0.084227 -0.075000 0.203342
v -0.093350 -0.106066 0.225366
v -0.105238 -0.129904 0.254067
v -0.119082 -0.144889 0.287490
v -0.133939 -0.150000 0.323358
v -0.148796 -0.144889 0.359225
v -0.162640 -0.129904 0.392649
v -0.174529 -0.106066 0.421350
v -0.183651 -0.075000 0.443373
v -0.189386 -0.038823 0.457218
v -0.129410 0.000000 0.482963
v -0.128087 0.038823 0.478026
v -0.124208 0.075000 0.463551
v -0.118039 0.106066 0.440526
v -0.109998 0.129904 0.410518
v -0.100635 0.144889 0.375574
v -0.090587 0.150000 0.338074
v -0.080539 0.144889 0.300574
v -0.071175 0.129904 0.265630
v -0.063135 0.106066 0.235622
v -0.056965 0.075000 0.212597
v -0.053087 0.038823 0.198122
v -0.051764 0.000000 0.193185
v -0.053087 -0.038823 0.198122
v -0.056965 -0.075000 0.212597
v -0.063135 -0.106066 0.235622
v -0.071175 -0.129904 0.265630
v -0.080539 -0.144889 0.300574
v -0.090587 -0.150000 0.338074
v -0.100635 -0.144889 0.375574
v -0.109998 -0.129904 0.410518
v -0.118039 -0.106066 0.440526
v -0.124208 -0.075000 0.463551
v -0.128087 -0.038823 0.478026
v -0.065263 0.000000 0.495722
v -0.064596 0.038823 0.490655
v -0.062640 0.075000 0.475798
v -0.059529 0.106066 0.452164
v -0.055474 0.129904 0.421364
v -0.050752 0.144889 0.385496
v -0.045684 0.150000 0.347006
v -0.040617 0.144889 0.308515
v -0.035895 0.129904 0.272647
v -0.031840 0.106066 0.241847
v -0.028728 0.075000 0.218213
v -0.026772 0.038823 0.203356
v -0.026105 0.000000 0.198289
v -0.026772 -0.038823 0.203356
v -0.028728 -0.075000 0.218213
v -0.031840 -0.106066 0.241847
v -0.035895 -0.129904 0.272647
v -0.040617 -0.144889 0.308515
v -0.045684 -0.150000 0.347006
v -0.050752 -0.144889 0.385496
v -0.055474 -0.129904 0.421364
v -0.059529 -0.106066 0.452164
v -0.062640 -0.075000 0.475798
v -0.064596 -0.038823 0.490655
v 0.000000 0.000000 0.500000
v 0.000000 0.038823 0.494889
v 0.000000 0.075000 0.479904
v 0.000000 0.106066 0.456066
v 0.000000 0.129904 0.425000
v 0.000000 0.144889 0.388823
v 0.000000 0.150000 0.350000
v 0.000000 0.144889 0.311177
v 0.000000 0.129904 0.275000
v 0.000000 0.106066 0.243934
v 0.000000 0.075000 0.220096
v 0.000000 0.038823 0.205111
v 0.000000 0.000000 0.200000
v 0.000000 -0.038823 0.205111
v 0.000000 -0.075000 0.220096
v 0.000000 -0.106066 0.243934
v 0.000000 -0.129904 0.275000
v 0.000000 -0.144889 0.311177
v 0.000000 -0.150000 0.350000
v 0.000000 -0.144889 0.388823
v 0.000000 -0.129904 0.425000
v 0.000000 -0.106066 0.456066
v 0.000000 -0.075000 0.479904
v 0.000000 -0.038823 0.494889
v 0.065263 0.000000 0.495722
v 0.064596 0.038823 0.490655
v 0.062640 0.075000 0.475798
v 0.059528 0.106066 0.452164
v 0.055474 0.129904 0.421364
v 0.050751 0.144889 0.385496
v 0.045684 0.150000 0.347006
v 0.040617 0.144889 0.308515
v 0.035895 0.129904 0.272647
v 0.031840 0.106066 0.241847
v 0.028728 0.075000 0.218213
v 0.026772 0.038823 0.203356
v 0.026105 0.000000 0.198289
v 0.026772 -0.038823 0.203356
v 0.028728 -0.075000 0.218213
v 0.031840 -0.106066 0.241847
v 0.035895 -0.129904 0.272647
v 0.040617 -0.144889 0.308515
v 0.045684 -0.150000 0.347006
v 0.050751 -0.144889 0.385496
v 0.055474 -0.129904 0.421364
v 0.059528 -0.106066 0.452164
v 0.062640 -0.075000 0.475798
v 0.064596 -0.038823 0.490655
v 0.129409 0.000000 0.482963
v 0.128086 0.038823 0.478026
v 0.124208 0.075000 0.463552
v 0.118038 0.106066 0.440526
v 0.109998 0.129904 0.410519
v 0.100635 0.144889 0.375574
v 0.090587 0.150000 0.338074
v 0.080538 0.144889 0.300574
v 0.071175 0.129904 0.265630
v 0.063135 0.106066 0.235622
v 0.056965 0.075000 0.212597
v 0.053087 0.038823 0.198122
v 0.051764 0.000000 0.193185
v 0.053087 -0.038823 0.198122
v 0.056965 -0.075000 0.212597
v 0.063135 -0.106066 0.235622
v 0.071175 -0.129904 0.265630
v 0.080538 -0.144889 0.300574
v 0.090587 -0.150000 0.338074
v 0.100635 -0.144889 0.375574
v 0.109998 -0.129904 0.410519
v 0.118038 -0.106066 0.440526
v 0.124208 -0.075000 0.463552
v 0.128086 -0.038823 0.478026
v 0.191342 0.000000 0.461940
v 0.189386 0.038823 0.457218
v 0.183651 0.075000 0.443373
v 0.174529 0.106066 0.421350
v 0.162641 0.129904 0.392649
v 0.148796 0.144889 0.359225
v 0.133939 0.150000 0.323358
v 0.119082 0.144889 0.287490
v 0.105238 0.129904 0.254067
v 0.093350 0.106066 0.225366
v 0.084227 0.075000 0.203342
v 0.078493 0.038823 0.189498
v 0.076537 0.000000 0.184776
v 0.078493 -0.038823 0.189498
v 0.084227 -0.075000 0.203342
v 0.093350 -0.106066 0.225366
v 0.105238 -0.129904 0.254067
v 0.119082 -0.144889 0.287490
v 0.133939 -0.150000 0.323358
v 0.148796 -0.144889 0.359225
v 0.162641 -0.129904 0.392649
v 0.174529 -0.106066 0.421350
v 0.183651 -0.075000 0.443373
v 0.189386 -0.038823 0.457218
v 0.250000 0.000000 0.433013
v 0.247444 0.038823 0.428586
v 0.239952 0.075000 0.415609
v 0.228033 0.106066 0.394965
v 0.212500 0.129904 0.368061
v 0.194411 0.144889 0.336730
v 0.175000 0.150000 0.303109
v 0.155589 0.144889 0.269487
v 0.137500 0.129904 0.238157
v 0.121967 0.106066 0.211253
v 0.110048 0.075000 0.190609
v 0.102556 0.038823 0.177631
v 0.100000 0.000000 0.173205
v 0.102556 -0.038823 0.177631
v 0.110048 -0.075000 0.190609
v 0.121967 -0.106066 0.211253
v 0.137500 -0.129904 0.238157
v 0.155589 -0.144889 0.269487
v 0.175000 -0.150000 0.303109
v 0.194411 -0.144889 0.336730
v 0.212500 -0.129904 0.368061
v 0.228033 -0.106066 0.394965
v 0.239952 -0.075000 0.415609
v 0.247444 -0.038823 0.428586
v 0.304381 0.000000 0.396677
v 0.301269 0.038823 0.392622
v 0.292147 0.075000 0.380733
v 0.277635 0.106066 0.361822
v 0.258724 0.129904 0.337175
v 0.236700 0.144889 0.308474
v 0.213066 0.150000 0.277674
v 0.189433 0.144889 0.246873
v 0.167409 0.129904 0.218172
v 0.148498 0.106066 0.193526
v 0.133986 0.075000 0.174614
v 0.124864 0.038823 0.162726
v 0.121752 0.000000 0.158671
v 0.124864 -0.038823 0.162726
v 0.133986 -0.075000 0.174614
v 0.148498 -0.106066 0.193526
v 0.167409 -0.129904 0.218172
v 0.189433 -0.144889 0.246873
v 0.213066 -0.150000 0.277674
v 0.236700 -0.144889 0.308474
v 0.258724 -0.129904 0.337175
v 0.277635 -0.106066 0.361822
v 0.292147 -0.075000 0.380733
v 0.301269 -0.038823 0.392622
v 0.353553 0.000000 0.353554
v 0.349939 0.038823 0.349939
v 0.339343 0.075000 0.339343
v 0.322487 0.106066 0.322488
v 0.300520 0.129904 0.300521
v 0.274939 0.144889 0.274939
v 0.247487 0.150000 0.247488
v 0.220035 0.144889 0.220036
v 0.194454 0.129904 0.194454
v 0.172487 0.106066 0.172487
v 0.155631 0.075000 0.155632
v 0.145035 0.038823 0.145036
v 0.141421 0.000000 0.141421
v 0.145035 -0.038823 0.145036
v 0.155631 -0.075000 0.155632
v 0.172487 -0.106066 0.172487
v 0.194454 -0.129904 0.194454
v 0.220035 -0.144889 0.220036
v 0.247487 -0.150000 0.247488
v 0.274939 -0.144889 0.274939
v 0.300520 -0.129904 0.300521
v 0.322487 -0.106066 0.322488
v 0.339343 -0.075000 0.339343
v 0.349939 -0.038823 0.349939
v 0.396677 0.000000 0.304381
v 0.392622 0.038823 0.301269
v 0.380733 0.075000 0.292147
v 0.361822 0.106066 0.277635
v 0.337175 0.129904 0.258724
v 0.308474 0.144889 0.236700
v 0.277674 0.150000 0.213066
v 0.246873 0.144889 0.189433
v 0.218172 0.129904 0.167409
v 0.193526 0.106066 0.148498
v 0.174614 0.075000 0.133986
v 0.162726 0.038823 0.124864
v 0.158671 0.000000 0.121752
v 0.162726 -0.038823 0.124864
v 0.174614 -0.075000 0.133986
v 0.193526 -0.106066 0.148498
v 0.218172 -0.129904 0.167409
v 0.246873 -0.144889 0.189433
v 0.277674 -0.150000 0.213066
v 0.308474 -0.144889 0.236700
v 0.337175 -0.129904 0.258724
v 0.361822 -0.106066 0.277635
v 0.380733 -0.075000 0.292147
v 0.392622 -0.038823 0.301269
v 0.433013 0.000000 0.250000
v 0.428586 0.038823 0.247444
v 0.415609 0.075000 0.239952
v 0.394965 0.106066 0.228033
v 0.368061 0.129904 0.212500
v 0.336730 0.144889 0.194411
v 0.303109 0.150000 0.175000
v 0.269487 0.144889 0.155589
v 0.238157 0.129904 0.137500
v 0.211253 0.106066 0.121967
v 0.190609 0.075000 0.110048
v 0.177631 0.038823 0.102556
v 0.173205 0.000000 0.100000
v 0.177631 -0.038823 0.102556
v 0.190609 -0.075000 0.110048
v 0.211253 -0.106066 0.121967
v 0.238157 -0.129904 0.137500
v 0.269487 -0.144889 0.155589
v 0.303109 -0.150000 0.175000
v 0.336730 -0.144889 0.194411
v 0.368061 -0.129904 0.212500
v 0.394965 -0.106066 0.228033
v 0.415609 -0.075000 0.239952
v 0.428586 -0.038823 0.247444
v 0.461940 0.000000 0.191342
v 0.457218 0.038823 0.189386
v 0.443373 0.075000 0.183651
v 0.421350 0.106066 0.174529
v 0.392649 0.129904 0.162641
v 0.359225 0.144889 0.148796
v 0.323358 0.150000 0.133939
v 0.287490 0.144889 0.119082
v 0.254067 0.129904 0.105238
v 0.225366 0.106066 0.093350
v 0.203342 0.075000 0.084227
v 0.189498 0.038823 0.078493
v 0.184776 0.000000 0.076537
v 0.189498 -0.038823 0.078493
v 0.203342 -0.075000 0.084227
v 0.225366 -0.106066 0.093350
v 0.254067 -0.129904 0.105238
v 0.287490 -0.144889 0.119082
v 0.323358 -0.150000 0.133939
v 0.359225 -0.144889 0.148796
v 0.392649 -0.129904 0.162641
v 0.421350 -0.106066 0.174529
v 0.443373 -0.075000 0.183651
v 0.457218 -0.038823 0.189386
v 0.482963 0.000000 0.129409
v 0.478026 0.038823 0.128087
v 0.463552 0.075000 0.124208
v 0.440526 0.106066 0.118038
v 0.410518 0.129904 0.109998
v 0.375574 0.144889 0.100635
v 0.338074 0.150000 0.090587
v 0.300574 0.144889 0.080538
v 0.265630 0.129904 0.071175
v 0.235622 0.106066 0.063135
v 0.212597 0.075000 0.056965
v 0.198122 0.038823 0.053087
v 0.193185 0.000000 0.051764
v 0.198122 -0.038823 0.053087
v 0.212597 -0.075000 0.056965
v 0.235622 -0.106066 0.063135
v 0.265630 -0.129904 0.071175
v 0.300574 -0.144889 0.080538
v 0.338074 -0.150000 0.090587
v 0.375574 -0.144889 0.100635
v 0.410518 -0.129904 0.109998
v 0.440526 -0.106066 0.118038
v 0.463552 -0.075000 0.124208
v 0.478026 -0.038823 0.128087
v 0.495722 0.000000 0.065263
v 0.490655 0.038823 0.064596
v 0.475798 0.075000 0.062640
v 0.452164 0.106066 0.059529
v 0.421364 0.129904 0.055474
v 0.385496 0.144889 0.050752
v 0.347006 0.150000 0.045684
v 0.308515 0.144889 0.040617
v 0.272647 0.129904 0.035895
v 0.241847 0.106066 0.031840
v 0.218213 0.075000 0.028728
v 0.203356 0.038823 0.026772
v 0.198289 0.000000 0.026105
v 0.203356 -0.038823 0.026772
v 0.218213 -0.075000 0.028728
v 0.241847 -0.106066 0.031840
v 0.272647 -0.129904 0.035895
v 0.308515 -0.144889 0.040617
v 0.347006 -0.150000 0.045684
v 0.385496 -0.144889 0.050752
v 0.421364 -0.129904 0.055474
v 0.452164 -0.106066 0.059529
v 0.475798 -0.075000 0.062640
v 0.490655 -0.038823 0.064596
vn 1.0000 -0.0000 -0.0000
vn 0.9663 0.2575 -0.0000
vn 0.8674 0.4977 -0.0000
vn 0.7098 0.7044 -0.0000
vn 0.5041 0.8637 -0.0000
vn 0.2639 0.9646 -0.0000
vn 0.0054 1.0000 -0.0000
vn -0.2537 0.9673 -0.0000
vn -0.4959 0.8684 -0.0000
vn -0.7044 0.7098 -0.0000
vn -0.8647 0.5024 -0.0000
vn -0.9656 0.2602 -0.0000
vn -1.0000 -0.0000 -0.0000
vn -0.9656 -0.2602 -0.0000
vn -0.8647 -0.5024 -0.0000
vn -0.7044 -0.7098 -0.0000
vn -0.4959 -0.8684 -0.0000
vn -0.2537 -0.9673 -0.0000
vn 0.0054 -1.0000 -0.0000
vn 0.2639 -0.9646 -0.0000
vn 0.5041 -0.8637 -0.0000
vn 0.7098 -0.7044 -0.0000
vn 0.8674 -0.4977 -0.0000
vn 0.9663 -0.2575 -0.0000
vn 0.9914 -0.0000 -0.1305
vn 0.9580 0.2575 -0.1261
vn 0.8600 0.4977 -0.1132
vn 0.7037 0.7044 -0.0926
vn 0.4997 0.8637 -0.0658
vn 0.2616 0.9646 -0.0344
vn 0.0054 1.0000 -0.0007
vn -0.2516 0.9673 0.0331
vn -0.4917 0.8684 0.0647
vn -0.6983 0.7098 0.0919
vn -0.8573 0.5024 0.1129
vn -0.9573 0.2602 0.1260
vn -0.9914 -0.0000 0.1305
vn -0.9573 -0.2602 0.1260
vn -0.8573 -0.5024 0.1129
vn -0.6983 -0.7098 0.0919
vn -0.4917 -0.8684 0.0647
vn -0.2516 -0.9673 0.0331
vn 0.0054 -1.0000 -0.0007
vn 0.2616 -0.9646 -0.0344
vn 0.4997 -0.8637 -0.0658
vn 0.7037 -0.7044 -0.0926
vn 0.8600 -0.4977 -0.1132
vn 0.9580 -0.2575 -0.1261
vn 0.9659 -0.0000 -0.2588
vn 0.9334 0.2575 -0.2501
vn 0.8378 0.4977 -0.2245
vn 0.6856 0.7044 -0.1837
vn 0.4869 0.8637 -0.1305
vn 0.2549 0.9646 -0.0683
vn 0.0052 1.0000 -0.0014
vn -0.2451 0.9673 0.0657
vn -0.4790 0.8684 0.1283
vn -0.6804 0.7098 0.1823
vn -0.8352 0.5024 0.2238
vn -0.9327 0.2602 0.2499
vn -0.9659 -0.0000 0.2588
vn -0.9327 -0.2602 0.2499
vn -0.8352 -0.5024 0.2238
vn -0.6804 -0.7098 0.1823
vn -0.4790 -0.8684 0.1283
vn -0.2451 -0.9673 0.0657
vn 0.0052 -1.0000 -0.0014
vn 0.2549 -0.9646 -0.0683
vn 0.4869 -0.8637 -0.1305
vn 0.6856 -0.7044 -0.1837
vn 0.8378 -0.4977 -0.2245
vn 0.9334 -0.2575 -0.2501
vn 0.9239 -0.0000 -0.3827
vn 0.8927 0.2575 -0.3698
vn 0.8013 0.4977 -0.3319
vn 0.6558 0.7044 -0.2716
vn 0.4657 0.8637 -0.1929
vn 0.2438 0.9646 -0.1010
vn 0.0050 1.0000 -0.0021
vn -0.2344 0.9673 0.0971
vn -0.4582 0.8684 0.1898
vn -0.6508 0.7098 0.2696
vn -0.7988 0.5024 0.3309
vn -0.8921 0.2602 0.3695
vn -0.9239 -0.0000 0.3827
vn -0.8921 -0.2602 0.3695
vn -0.7988 -0.5024 0.3309
vn -0.6508 -0.7098 0.2696
vn -0.4582 -0.8684 0.1898
vn -0.2344 -0.9673 0.0971
vn 0.0050 -1.0000 -0.0021
vn 0.2438 -0.9646 -0.1010
vn 0.4657 -0.8637 -0.1929
vn 0.6558 -0.7044 -0.2716
vn 0.8013 -0.4977 -0.3319
vn 0.8927 -0.2575 -0.3698
vn 0.8660 -0.0000 -0.5000
vn 0.8368 0.2575 -0.4831
vn 0.7512 0.4977 -0.4337
vn 0.6147 0.7044 -0.3549
vn 0.4365 0.8637 -0.2520
vn 0.2285 0.9646 -0.1319
vn 0.0047 1.0000 -0.0027
vn -0.2197 0.9673 0.1269
vn -0.4295 0.8684 0.2480
vn -0.6100 0.7098 0.3522
vn -0.7488 0.5024 0.4323
vn -0.8362 0.2602 0.4828
vn -0.8660 -0.0000 0.5000
vn -0.8362 -0.2602 0.4828
vn -0.7488 -0.5024 0.4323
vn -0.6100 -0.7098 0.3522
vn -0.4295 -0.8684 0.2480
vn -0.2197 -0.9673 0.1269
vn 0.0047 -1.0000 -0.0027
vn 0.2285 -0.9646 -0.1319
vn 0.4365 -0.8637 -0.2520
vn 0.6147 -0.7044 -0.3549
vn 0.7512 -0.4977 -0.4337
vn 0.8368 -0.2575 -0.4831
vn 0.7934 -0.0000 -0.6088
vn 0.7666 0.2575 -0.5882
vn 0.6881 0.4977 -0.5280
vn 0.5631 0.7044 -0.4321
vn 0.3999 0.8637 -0.3068
vn 0.2093 0.9646 -0.1606
vn 0.0043 1.0000 -0.0033
vn -0.2013 0.9673 0.1545
vn -0.3934 0.8684 0.3019
vn -0.5588 0.7098 0.4288
vn -0.6860 0.5024 0.5264
vn -0.7660 0.2602 0.5878
vn -0.7934 -0.0000 0.6088
vn -0.7660 -0.2602 0.5878
vn -0.6860 -0.5024 0.5264
vn -0.5588 -0.7098 0.4288
vn -0.3934 -0.8684 0.3019
vn -0.2013 -0.9673 0.1545
vn 0.0043 -1.0000 -0.0033
vn 0.2093 -0.9646 -0.1606
vn 0.3999 -0.8637 -0.3068
vn 0.5631 -0.7044 -0.4321
vn 0.6881 -0.4977 -0.5280
vn 0.7666 -0.2575 -0.5882
vn 0.7071 -0.0000 -0.7071
vn 0.6833 0.2575 -0.6833
vn 0.6133 0.4977 -0.6133
vn 0.5019 0.7044 -0.5019
vn 0.3564 0.8637 -0.3564
vn 0.1866 0.9646 -0.1866
vn 0.0038 1.0000 -0.0038
vn -0.1794 0.9673 0.1794
vn -0.3507 0.8684 0.3507
vn -0.4981 0.7098 0.4981
vn -0.6114 0.5024 0.6114
vn -0.6828 0.2602 0.6828
vn -0.7071 -0.0000 0.7071
vn -0.6828 -0.2602 0.6828
vn -0.6114 -0.5024 0.6114
vn -0.4981 -0.7098 0.4981
vn -0.3507 -0.8684 0.3507
vn -0.1794 -0.9673 0.1794
vn 0.0038 -1.0000 -0.0038
vn 0.1866 -0.9646 -0.1866
vn 0.3564 -0.8637 -0.3564
vn 0.5019 -0.7044 -0.5019
vn 0.6133 -0.4977 -0.6133
vn 0.6833 -0.2575 -0.6833
vn 0.6088 -0.0000 -0.7934
vn 0.5882 0.2575 -0.7666
vn 0.5280 0.4977 -0.6881
vn 0.4321 0.7044 -0.5631
vn 0.3068 0.8637 -0.3999
vn 0.1606 0.9646 -0.2093
vn 0.0033 1.0000 -0.0043
vn -0.1545 0.9673 0.2013
vn -0.3019 0.8684 0.3934
vn -0.4288 0.7098 0.5588
vn -0.5264 0.5024 0.6860
vn -0.5878 0.2602 0.7660
vn -0.6088 -0.0000 0.7934
vn -0.5878 -0.2602 0.7660
vn -0.5264 -0.5024 0.6860
vn -0.4288 -0.7098 0.5588
vn -0.3019 -0.8684 0.3934
vn -0.1545 -0.9673 0.2013
vn 0.0033 -1.0000 -0.0043
vn 0.1606 -0.9646 -0.2093
vn 0.3068 -0.8637 -0.3999
vn 0.4321 -0.7044 -0.5631
vn 0.5280 -0.4977 -0.6881
vn 0.5882 -0.2575 -0.7666
vn 0.5000 -0.0000 -0.8660
vn 0.4831 0.2575 -0.8368
vn 0.4337 0.4977 -0.7512
vn 0.3549 0.7044 -0.6147
vn 0.2520 0.8637 -0.4365
vn 0.1319 0.9646 -0.2285
vn 0.0027 1.0000 -0.0047
vn -0.1269 0.9673 0.2197
vn -0.2480 0.8684 0.4295
vn -0.3522 0.7098 0.6100
vn -0.4323 0.5024 0.7488
vn -0.4828 0.2602 0.8362
vn -0.5000 -0.0000 0.8660
vn -0.4828 -0.2602 0.8362
vn -0.4323 -0.5024 0.7488
vn -0.3522 -0.7098 0.6100
vn -0.2480 -0.8684 0.4295
vn -0.1269 -0.9673 0.2197
vn 0.0027 -1.0000 -0.0047
vn 0.1319 -0.9646 -0.2285
vn 0.2520 -0.8637 -0.4365
vn 0.3549 -0.7044 -0.6147
vn 0.4337 -0.4977 -0.7512
vn 0.4831 -0.2575 -0.8368
vn 0.3827 -0.0000 -0.9239
vn 0.3698 0.2575 -0.8927
vn 0.3319 0.4977 -0.8013
vn 0.2716 0.7044 -0.6558
vn 0.1929 0.8637 -0.4657
vn 0.1010 0.9646 -0.2438
vn 0.0021 1.0000 -0.0050
vn -0.0971 0.9673 0.2344
vn -0.1898 0.8684 0.4582
vn -0.2696 0.7098 0.6508
vn -0.3309 0.5024 0.7988
vn -0.3695 0.2602 0.8921
vn -0.3827 -0.0000 0.9239
vn -0.3695 -0.2602 0.8921
vn -0.3309 -0.5024 0.7988
vn -0.2696 -0.7098 0.6508
vn -0.1898 -0.8684 0.4582
vn -0.0971 -0.9673 0.2344
vn 0.0021 -1.0000 -0.0050
vn 0.1010 -0.9646 -0.2438
vn 0.1929 -0.8637 -0.4657
vn 0.2716 -0.7044 -0.6558
vn 0.3319 -0.4977 -0.8013
vn 0.3698 -0.2575 -0.8927
vn 0.2588 -0.0000 -0.9659
vn 0.2501 0.2575 -0.9334
vn 0.2245 0.4977 -0.8378
vn 0.1837 0.7044 -0.6856
vn 0.1305 0.8637 -0.4869
vn 0.0683 0.9646 -0.2549
vn 0.0014 1.0000 -0.0052
vn -0.0657 0.9673 0.2451
vn -0.1283 0.8684 0.4790
vn -0.1823 0.7098 0.6804
vn -0.2238 0.5024 0.8352
vn -0.2499 0.2602 0.9327
vn -0.2588 -0.0000 0.9659
vn -0.2499 -0.2602 0.9327
vn -0.2238 -0.5024 0.8352
vn -0.1823 -0.7098 0.6804
vn -0.1283 -0.8684 0.4790
vn -0.0657 -0.9673 0.2451
vn 0.0014 -1.0000 -0.0052
vn 0.0683 -0.9646 -0.2549
vn 0.1305 -0.8637 -0.4869
vn 0.1837 -0.7044 -0.6856
vn 0.2245 -0.4977 -0.8378
vn 0.2501 -0.2575 -0.9334
vn 0.1305 -0.0000 -0.9914
vn 0.1261 0.2575 -0.9580
vn 0.1132 0.4977 -0.8600
vn 0.0926 0.7044 -0.7037
vn 0.0658 0.8637 -0.4997
vn 0.0344 0.9646 -0.2616
vn 0.0007 1.0000 -0.0054
vn -0.0331 0.9673 0.2516
vn -0.0647 0.8684 0.4917
vn -0.0919 0.7098 0.6983
vn -0.1129 0.5024 0.8573
vn -0.1260 0.2602 0.9573
vn -0.1305 -0.0000 0.9914
vn -0.1260 -0.2602 0.9573
vn -0.1129 -0.5024 0.8573
vn -0.0919 -0.7098 0.6983
vn -0.0647 -0.8684 0.4917
vn -0.0331 -0.9673 0.2516
vn 0.0007 -1.0000 -0.0054
vn 0.0344 -0.9646 -0.2616
vn 0.0658 -0.8637 -0.4997
vn 0.0926 -0.7044 -0.7037
vn 0.1132 -0.4977 -0.8600
vn 0.1261 -0.2575 -0.9580
vn -0.0000 -0.0000 -1.0000
vn -0.0000 0.2575 -0.9663
vn -0.0000 0.4977 -0.8674
vn -0.0000 0.7044 -0.7098
vn -0.0000 0.8637 -0.5041
vn -0.0000 0.9646 -0.2639
vn -0.0000 1.0000 -0.0054
vn -0.0000 0.9673 0.2537
vn -0.0000 0.8684 0.4959
vn -0.0000 0.7098 0.7044
vn -0.0000 0.5024 0.8647
vn -0.0000 0.2602 0.9656
vn -0.0000 -0.0000 1.0000
vn -0.0000 -0.2602 0.9656
vn -0.0000 -0.5024 0.8647
vn -0.0000 -0.7098 0.7044
vn -0.0000 -0.8684 0.4959
vn -0.0000 -0.9673 0.2537
vn -0.0000 -1.0000 -0.0054
vn -0.0000 -0.9646 -0.2639
vn -0.0000 -0.8637 -0.5041
vn -0.0000 -0.7044 -0.7098
vn -0.0000 -0.4977 -0.8674
vn -0.0000 -0.2575 -0.9663
vn -0.1305 -0.0000 -0.9914
vn -0.1261 0.2575 -0.9580
vn -0.1132 0.4977 -0.8600
vn -0.0926 0.7044 -0.7037
vn -0.0658 0.8637 -0.4997
vn -0.0344 0.9646 -0.2616
vn -0.0007 1.0000 -0.0054
vn 0.0331 0.9673 0.2516
vn 0.0647 0.8684 0.4917
vn 0.0919 0.7098 0.6983
vn 0.1129 0.5024 0.8573
vn 0.1260 0.2602 0.9573
vn 0.1305 -0.0000 0.9914
vn 0.1260 -0.2602 0.9573
vn 0.1129 -0.5024 0.8573
vn 0.0919 -0.7098 0.6983
vn 0.0647 -0.8684 0.4917
vn 0.0331 -0.9673 0.2516
vn -0.0007 -1.0000 -0.0054
vn -0.0344 -0.9646 -0.2616
vn -0.0658 -0.8637 -0.4997
vn -0.0926 -0.7044 -0.7037
vn -0.1132 -0.4977 -0.8600
vn -0.1261 -0.2575 -0.9580
vn -0.2588 -0.0000 -0.9659
vn -0.2501 0.2575 -0.9334
vn -0.2245 0.4977 -0.8378
vn -0.1837 0.7044 -0.6856
vn -0.1305 0.8637 -0.4869
vn -0.0683 0.9646 -0.2549
vn -0.0014 1.0000 -0.0052
vn 0.0657 0.9673 0.2451
vn 0.1283 0.8684 0.4790
vn 0.1823 0.7098 0.6804
vn 0.2238 0.5024 0.8352
vn 0.2499 0.2602 0.9327
vn 0.2588 -0.0000 0.9659
vn 0.2499 -0.2602 0.9327
vn 0.2238 -0.5024 0.8352
vn 0.1823 -0.7098 0.6804
vn 0.1283 -0.8684 0.4790
vn 0.0657 -0.9673 0.2451
vn -0.0014 -1.0000 -0.0052
vn -0.0683 -0.9646 -0.2549
vn -0.1305 -0.8637 -0.4869
vn -0.1837 -0.7044 -0.6856
vn -0.2245 -0.4977 -0.8378
vn -0.2501 -0.2575 -0.9334
vn -0.3827 -0.0000 -0.9239
vn -0.3698 0.2575 -0.8927
vn -0.3319 0.4977 -0.8013
vn -0.2716 0.7044 -0.6558
vn -0.1929 0.8637 -0.4657
vn -0.1010 0.9646 -0.2438
vn -0.0021 1.0000 -0.0050
vn 0.0971 0.9673 0.2344
vn 0.1898 0.8684 0.4582
vn 0.2696 0.7098 0.6508
vn 0.3309 0.5024 0.7988
vn 0.3695 0.2602 0.8921
vn 0.3827 -0.0000 0.9239
vn 0.3695 -0.2602 0.8921
vn 0.3309 -0.5024 0.7988
vn 0.2696 -0.7098 0.6508
vn 0.1898 -0.8684 0.4582
vn 0.0971 -0.9673 0.2344
vn -0.0021 -1.0000 -0.0050
vn -0.1010 -0.9646 -0.2438
vn -0.1929 -0.8637 -0.4657
vn -0.2716 -0.7044 -0.6558
vn -0.3319 -0.4977 -0.8013
vn -0.3698 -0.2575 -0.8927
vn -0.5000 -0.0000 -0.8660
vn -0.4831 0.2575 -0.8368
vn -0.4337 0.4977 -0.7512
vn -0.3549 0.7044 -0.6147
vn -0.2520 0.8637 -0.4365
vn -0.1319 0.9646 -0.2285
vn -0.0027 1.0000 -0.0047
vn 0.1269 0.9673 0.2197
vn 0.2480 0.8684 0.4295
vn 0.3522 0.7098 0.6100
vn 0.4323 0.5024 0.7488
vn 0.4828 0.2602 0.8362
vn 0.5000 -0.0000 0.8660
vn 0.4828 -0.2602 0.8362
vn 0.4323 -0.5024 0.7488
vn 0.3522 -0.7098 0.6100
vn 0.2480 -0.8684 0.4295
vn 0.1269 -0.9673 0.2197
vn -0.0027 -1.0000 -0.0047
vn -0.1319 -0.9646 -0.2285
vn -0.2520 -0.8637 -0.4365
vn -0.3549 -0.7044 -0.6147
vn -0.4337 -0.4977 -0.7512
vn -0.4831 -0.2575 -0.8368
vn -0.6088 -0.0000 -0.7934
vn -0.5882 0.2575 -0.7666
vn -0.5280 0.4977 -0.6881
vn -0.4321 0.7044 -0.5631
vn -0.3068 0.8637 -0.3999
vn -0.1606 0.9646 -0.2093
vn -0.0033 1.0000 -0.0043
vn 0.1545 0.9673 0.2013
vn 0.3019 0.8684 0.3934
vn 0.4288 0.7098 0.5588
vn 0.5264 0.5024 0.6860
vn 0.5878 0.2602 0.7660
vn 0.6088 -0.0000 0.7934
vn 0.5878 -0.2602 0.7660
vn 0.5264 -0.5024 0.6860
vn 0.4288 -0.7098 0.5588
vn 0.3019 -0.8684 0.3934
vn 0.1545 -0.9673 0.2013
vn -0.0033 -1.0000 -0.0043
vn -0.1606 -0.9646 -0.2093
vn -0.3068 -0.8637 -0.3999
vn -0.4321 -0.7044 -0.5631
vn -0.5280 -0.4977 -0.6881
vn -0.5882 -0.2575 -0.7666
vn -0.7071 -0.0000 -0.7071
vn -0.6833 0.2575 -0.6833
vn -0.6133 0.4977 -0.6133
vn -0.5019 0.7044 -0.5019
vn -0.3564 0.8637 -0.3564
vn -0.1866 0.9646 -0.1866
vn -0.0038 1.0000 -0.0038
vn 0.1794 0.9673 0.1794
vn 0.3507 0.8684 0.3507
vn 0.4981 0.7098 0.4981
vn 0.6114 0.5024 0.6114
vn 0.6828 0.2602 0.6828
vn 0.7071 -0.0000 0.7071
vn 0.6828 -0.2602 0.6828
vn 0.6114 -0.5024 0.6114
vn 0.4981 -0.7098 0.4981
vn 0.3507 -0.8684 0.3507
vn 0.1794 -0.9673 0.1794
vn -0.0038 -1.0000 -0.0038
vn -0.1866 -0.9646 -0.1866
vn -0.3564 -0.8637 -0.3564
vn -0.5019 -0.7044 -0.5019
vn -0.6133 -0.4977 -0.6133
vn -0.6833 -0.2575 -0.6833
vn -0.7934 -0.0000 -0.6088
vn -0.7666 0.2575 -0.5882
vn -0.6881 0.4977 -0.5280
vn -0.5631 0.7044 -0.4321
vn -0.3999 0.8637 -0.3068
vn -0.2093 0.9646 -0.1606
vn -0.0043 1.0000 -0.0033
vn 0.2013 0.9673 0.1545
vn 0.3934 0.8684 0.3019
vn 0.5588 0.7098 0.4288
vn 0.6860 0.5024 0.5264
vn 0.7660 0.2602 0.5878
vn 0.7934 -0.0000 0.6088
vn 0.7660 -0.2602 0.5878
vn 0.6860 -0.5024 0.5264
vn 0.5588 -0.7098 0.4288
vn 0.3934 -0.8684 0.3019
vn 0.2013 -0.9673 0.1545
vn -0.0043 -1.0000 -0.0033
vn -0.2093 -0.9646 -0.1606
vn -0.3999 -0.8637 -0.3068
vn -0.5631 -0.7044 -0.4321
vn -0.6881 -0.4977 -0.5280
vn -0.7666 -0.2575 -0.5882
vn -0.8660 -0.0000 -0.5000
vn -0.8368 0.2575 -0.4831
vn -0.7512 0.4977 -0.4337
vn -0.6147 0.7044 -0.3549
vn -0.4365 0.8637 -0.2520
vn -0.2285 0.9646 -0.1319
vn -0.0047 1.0000 -0.0027
vn 0.2197 0.9673 0.1269
vn 0.4295 0.8684 0.2480
vn 0.6100 0.7098 0.3522
vn 0.7488 0.5024 0.4323
vn 0.8362 0.2602 0.4828
vn 0.8660 -0.0000 0.5000
vn 0.8362 -0.2602 0.4828
vn 0.7488 -0.5024 0.4323
vn 0.6100 -0.7098 0.3522
vn 0.4295 -0.8684 0.2480
vn 0.2197 -0.9673 0.1269
vn -0.0047 -1.0000 -0.0027
vn -0.2285 -0.9646 -0.1319
vn -0.4365 -0.8637 -0.2520
vn -0.6147 -0.7044 -0.3549
vn -0.7512 -0.4977 -0.4337
vn -0.8368 -0.2575 -0.4831
vn -0.9239 -0.0000 -0.3827
vn -0.8927 0.2575 -0.3698
vn -0.8013 0.4977 -0.3319
vn -0.6558 0.7044 -0.2716
vn -0.4657 0.8637 -0.1929
vn -0.2438 0.9646 -0.1010
vn -0.0050 1.0000 -0.0021
vn 0.2344 0.9673 0.0971
vn 0.4582 0.8684 0.1898
vn 0.6508 0.7098 0.2696
vn 0.7988 0.5024 0.3309
vn 0.8921 0.2602 0.3695
vn 0.9239 -0.0000 0.3827
vn 0.8921 -0.2602 0.3695
vn 0.7988 -0.5024 0.3309
vn 0.6508 -0.7098 0.2696
vn 0.4582 -0.8684 0.1898
vn 0.2344 -0.9673 0.0971
vn -0.0050 -1.0000 -0.0021
vn -0.2438 -0.9646 -0.1010
vn -0.4657 -0.8637 -0.1929
vn -0.6558 -0.7044 -0.2716
vn -0.8013 -0.4977 -0.3319
vn -0.8927 -0.2575 -0.3698
vn -0.9659 -0.0000 -0.2588
vn -0.9334 0.2575 -0.2501
vn -0.8378 0.4977 -0.2245
vn -0.6856 0.7044 -0.1837
vn -0.4869 0.8637 -0.1305
vn -0.2549 0.9646 -0.0683
vn -0.0052 1.0000 -0.0014
vn 0.2451 0.9673 0.0657
vn 0.4790 0.8684 0.1283
vn 0.6804 0.7098 0.1823
vn 0.8352 0.5024 0.2238
vn 0.9327 0.2602 0.2499
vn 0.9659 -0.0000 0.2588
vn 0.9327 -0.2602 0.2499
vn 0.8352 -0.5024 0.2238
vn 0.6804 -0.7098 0.1823
vn 0.4790 -0.8684 0.1283
vn 0.2451 -0.9673 0.0657
vn -0.0052 -1.0000 -0.0014
vn -0.2549 -0.9646 -0.0683
vn -0.4869 -0.8637 -0.1305
vn -0.6856 -0.7044 -0.1837
vn -0.8378 -0.4977 -0.2245
vn -0.9334 -0.2575 -0.2501
vn -0.9914 -0.0000 -0.1305
vn -0.9580 0.2575 -0.1261
vn -0.8600 0.4977 -0.1132
vn -0.7037 0.7044 -0.0926
vn -0.4997 0.8637 -0.0658
vn -0.2616 0.9646 -0.0344
vn -0.0054 1.0000 -0.0007
vn 0.2516 0.9673 0.0331
vn 0.4917 0.8684 0.0647
vn 0.6983 0.7098 0.0919
vn 0.8573 0.5024 0.1129
vn 0.9573 0.2602 0.1260
vn 0.9914 -0.0000 0.1305
vn 0.9573 -0.2602 0.1260
vn 0.8573 -0.5024 0.1129
vn 0.6983 -0.7098 0.0919
vn 0.4917 -0.8684 0.0647
vn 0.2516 -0.9673 0.0331
vn -0.0054 -1.0000 -0.0007
vn -0.2616 -0.9646 -0.0344
vn -0.4997 -0.8637 -0.0658
vn -0.7037 -0.7044 -0.0926
vn -0.8600 -0.4977 -0.1132
vn -0.9580 -0.2575 -0.1261
vn -0.9663 0.2575 -0.0000
vn -0.8674 0.4977 -0.0000
vn -0.7098 0.7044 -0.0000
vn -0.5041 0.8637 -0.0000
vn -0.2639 0.9646 -0.0000
vn -0.0054 1.0000 -0.0000
vn 0.2537 0.9673 -0.0000
vn 0.4959 0.8684 -0.0000
vn 0.7044 0.7098 -0.0000
vn 0.8647 0.5024 -0.0000
vn 0.9656 0.2602 -0.0000
vn 0.9656 -0.2602 -0.0000
vn 0.8647 -0.5024 -0.0000
vn 0.7044 -0.7098 -0.0000
vn 0.4959 -0.8684 -0.0000
vn 0.2537 -0.9673 -0.0000
vn -0.0054 -1.0000 -0.0000
vn -0.2639 -0.9646 -0.0000
vn -0.5041 -0.8637 -0.0000
vn -0.7098 -0.7044 -0.0000
vn -0.8674 -0.4977 -0.0000
vn -0.9663 -0.2575 -0.0000
vn -0.9580 0.2575 0.1261
vn -0.8600 0.4977 0.1132
vn -0.7037 0.7044 0.0926
vn -0.4997 0.8637 0.0658
vn -0.2616 0.9646 0.0344
vn -0.0054 1.0000 0.0007
vn 0.2516 0.9673 -0.0331
vn 0.4917 0.8684 -0.0647
vn 0.6983 0.7098 -0.0919
vn 0.8573 0.5024 -0.1129
vn 0.9573 0.2602 -0.1260
vn 0.9573 -0.2602 -0.1260
vn 0.8573 -0.5024 -0.1129
vn 0.6983 -0.7098 -0.0919
vn 0.4917 -0.8684 -0.0647
vn 0.2516 -0.9673 -0.0331
vn -0.0054 -1.0000 0.0007
vn -0.2616 -0.9646 0.0344
vn -0.4997 -0.8637 0.0658
vn -0.7037 -0.7044 0.0926
vn -0.8600 -0.4977 0.1132
vn -0.9580 -0.2575 0.1261
vn -0.9334 0.2575 0.2501
vn -0.8378 0.4977 0.2245
vn -0.6856 0.7044 0.1837
vn -0.4869 0.8637 0.1305
vn -0.2549 0.9646 0.0683
vn -0.0052 1.0000 0.0014
vn 0.2451 0.9673 -0.0657
vn 0.4790 0.8684 -0.1283
vn 0.6804 0.7098 -0.1823
vn 0.8352 0.5024 -0.2238
vn 0.9327 0.2602 -0.2499
vn 0.9327 -0.2602 -0.2499
vn 0.8352 -0.5024 -0.2238
vn 0.6804 -0.7098 -0.1823
vn 0.4790 -0.8684 -0.1283
vn 0.2451 -0.9673 -0.0657
vn -0.0052 -1.0000 0.0014
vn -0.2549 -0.9646 0.0683
vn -0.4869 -0.8637 0.1305
vn -0.6856 -0.7044 0.1837
vn -0.8378 -0.4977 0.2245
vn -0.9334 -0.2575 0.2501
vn -0.8927 0.2575 0.3698
vn -0.8013 0.4977 0.3319
vn -0.6558 0.7044 0.2716
vn -0.4657 0.8637 0.1929
vn -0.2438 0.9646 0.1010
vn -0.0050 1.0000 0.0021
vn 0.2344 0.9673 -0.0971
vn 0.4582 0.8684 -0.1898
vn 0.6508 0.7098 -0.2696
vn 0.7988 0.5024 -0.3309
vn 0.8921 0.2602 -0.3695
vn 0.8921 -0.2602 -0.3695
vn 0.7988 -0.5024 -0.3309
vn 0.6508 -0.7098 -0.2696
vn 0.4582 -0.8684 -0.1898
vn 0.2344 -0.9673 -0.0971
vn -0.0050 -1.0000 0.0021
vn -0.2438 -0.9646 0.1010
vn -0.4657 -0.8637 0.1929
vn -0.6558 -0.7044 0.2716
vn -0.8013 -0.4977 0.3319
vn -0.8927 -0.2575 0.3698
vn -0.8368 0.2575 0.4831
vn -0.7512 0.4977 0.4337
vn -0.6147 0.7044 0.3549
vn -0.4365 0.8637 0.2520
vn -0.2285 0.9646 0.1319
vn -0.0047 1.0000 0.0027
vn 0.2197 0.9673 -0.1269
vn 0.4295 0.8684 -0.2480
vn 0.6100 0.7098 -0.3522
vn 0.7488 0.5024 -0.4323
vn 0.8362 0.2602 -0.4828
vn 0.8362 -0.2602 -0.4828
vn 0.7488 -0.5024 -0.4323
vn 0.6100 -0.7098 -0.3522
vn 0.4295 -0.8684 -0.2480
vn 0.2197 -0.9673 -0.1269
vn -0.0047 -1.0000 0.0027
vn -0.2285 -0.9646 0.1319
vn -0.4365 -0.8637 0.2520
vn -0.6147 -0.7044 0.3549
vn -0.7512 -0.4977 0.4337
vn -0.8368 -0.2575 0.4831
vn -0.7666 0.2575 0.5882
vn -0.6881 0.4977 0.5280
vn -0.5631 0.7044 0.4321
vn -0.3999 0.8637 0.3068
vn -0.2093 0.9646 0.1606
vn -0.0043 1.0000 0.0033
vn 0.2013 0.9673 -0.1545
vn 0.3934 0.8684 -0.3019
vn 0.5588 0.7098 -0.4288
vn 0.6860 0.5024 -0.5264
vn 0.7660 0.2602 -0.5878
vn 0.7660 -0.2602 -0.5878
vn 0.6860 -0.5024 -0.5264
vn 0.5588 -0.7098 -0.4288
vn 0.3934 -0.8684 -0.3019
vn 0.2013 -0.9673 -0.1545
vn -0.0043 -1.0000 0.0033
vn -0.2093 -0.9646 0.1606
vn -0.3999 -0.8637 0.3068
vn -0.5631 -0.7044 0.4321
vn -0.6881 -0.4977 0.5280
vn -0.7666 -0.2575 0.5882
vn -0.6833 0.2575 0.6833
vn -0.6133 0.4977 0.6133
vn -0.5019 0.7044 0.5019
vn -0.3564 0.8637 0.3564
vn -0.1866 0.9646 0.1866
vn -0.0038 1.0000 0.0038
vn 0.1794 0.9673 -0.1794
vn 0.3507 0.8684 -0.3507
vn 0.4981 0.7098 -0.4981
vn 0.6114 0.5024 -0.6114
vn 0.6828 0.2602 -0.6828
vn 0.6828 -0.2602 -0.6828
vn 0.6114 -0.5024 -0.6114
vn 0.4981 -0.7098 -0.4981
vn 0.3507 -0.8684 -0.3507
vn 0.1794 -0.9673 -0.1794
vn -0.0038 -1.0000 0.0038
vn -0.1866 -0.9646 0.1866
vn -0.3564 -0.8637 0.3564
vn -0.5019 -0.7044 0.5019
vn -0.6133 -0.4977 0.6133
vn -0.6833 -0.2575 0.6833
vn -0.5882 0.2575 0.7666
vn -0.5280 0.4977 0.6881
vn -0.4321 0.7044 0.5631
vn -0.3068 0.8637 0.3999
vn -0.1606 0.9646 0.2093
vn -0.0033 1.0000 0.0043
vn 0.1545 0.9673 -0.2013
vn 0.3019 0.8684 -0.3934
vn 0.4288 0.7098 -0.5588
vn 0.5264 0.5024 -0.6860
vn 0.5878 0.2602 -0.7660
vn 0.5878 -0.2602 -0.7660
vn 0.5264 -0.5024 -0.6860
vn 0.4288 -0.7098 -0.5588
vn 0.3019 -0.8684 -0.3934
vn 0.1545 -0.9673 -0.2013
vn -0.0033 -1.0000 0.0043
vn -0.1606 -0.9646 0.2093
vn -0.3068 -0.8637 0.3999
vn -0.4321 -0.7044 0.5631
vn -0.5280 -0.4977 0.6881
vn -0.5882 -0.2575 0.7666
vn -0.4831 0.2575 0.8368
vn -0.4337 0.4977 0.7512
vn -0.3549 0.7044 0.6147
vn -0.2520 0.8637 0.4365
vn -0.1319 0.9646 0.2285
vn -0.0027 1.0000 0.0047
vn 0.1269 0.9673 -0.2197
vn 0.2480 0.8684 -0.4295
vn 0.3522 0.7098 -0.6100
vn 0.4323 0.5024 -0.7488
vn 0.4828 0.2602 -0.8362
vn 0.4828 -0.2602 -0.8362
vn 0.4323 -0.5024 -0.7488
vn 0.3522 -0.7098 -0.6100
vn 0.2480 -0.8684 -0.4295
vn 0.1269 -0.9673 -0.2197
vn -0.0027 -1.0000 0.0047
vn -0.1319 -0.9646 0.2285
vn -0.2520 -0.8637 0.4365
vn -0.3549 -0.7044 0.6147
vn -0.4337 -0.4977 0.7512
vn -0.4831 -0.2575 0.8368
vn -0.3698 0.2575 0.8927
vn -0.3319 0.4977 0.8013
vn -0.2716 0.7044 0.6558
vn -0.1929 0.8637 0.4657
vn -0.1010 0.9646 0.2438
vn -0.0021 1.0000 0.0050
vn 0.0971 0.9673 -0.2344
vn 0.1898 0.8684 -0.4582
vn 0.2696 0.7098 -0.6508
vn 0.3309 0.5024 -0.7988
vn 0.3695 0.2602 -0.8921
vn 0.3695 -0.2602 -0.8921
vn 0.3309 -0.5024 -0.7988
vn 0.2696 -0.7098 -0.6508
vn 0.1898 -0.8684 -0.4582
vn 0.0971 -0.9673 -0.2344
vn -0.0021 -1.0000 0.0050
vn -0.1010 -0.9646 0.2438
vn -0.1929 -0.8637 0.4657
vn -0.2716 -0.7044 0.6558
vn -0.3319 -0.4977 0.8013
vn -0.3698 -0.2575 0.8927
vn -0.2501 0.2575 0.9334
vn -0.2245 0.4977 0.8378
vn -0.1837 0.7044 0.6856
vn -0.1305 0.8637 0.4869
vn -0.0683 0.9646 0.2549
vn -0.0014 1.0000 0.0052
vn 0.0657 0.9673 -0.2451
vn 0.1283 0.8684 -0.4790
vn 0.1823 0.7098 -0.6804
vn 0.2238 0.5024 -0.8352
vn 0.2499 0.2602 -0.9327
vn 0.2499 -0.2602 -0.9327
vn 0.2238 -0.5024 -0.8352
vn 0.1823 -0.7098 -0.6804
vn 0.1283 -0.8684 -0.4790
vn 0.0657 -0.9673 -0.2451
vn -0.0014 -1.0000 0.0052
vn -0.0683 -0.9646 0.2549
vn -0.1305 -0.8637 0.4869
vn -0.1837 -0.7044 0.6856
vn -0.2245 -0.4977 0.8378
vn -0.2501 -0.2575 0.9334
vn -0.1261 0.2575 0.9580
vn -0.1132 0.4977 0.8600
vn -0.0926 0.7044 0.7037
vn -0.0658 0.8637 0.4997
vn -0.0344 0.9646 0.2616
vn -0.0007 1.0000 0.0054
vn 0.0331 0.9673 -0.2516
vn 0.0647 0.8684 -0.4917
vn 0.0919 0.7098 -0.6983
vn 0.1129 0.5024 -0.8573
vn 0.1260 0.2602 -0.9573
vn 0.1260 -0.2602 -0.9573
vn 0.1129 -0.5024 -0.8573
vn 0.0919 -0.7098 -0.6983
vn 0.0647 -0.8684 -0.4917
vn 0.0331 -0.9673 -0.2516
vn -0.0007 -1.0000 0.0054
vn -0.0344 -0.9646 0.2616
vn -0.0658 -0.8637 0.4997
vn -0.0926 -0.7044 0.7037
vn -0.1132 -0.4977 0.8600
vn -0.1261 -0.2575 0.9580
vn -0.0000 0.2575 0.9663
vn -0.0000 0.4977 0.8674
vn -0.0000 0.7044 0.7098
vn -0.0000 0.8637 0.5041
vn -0.0000 0.9646 0.2639
vn -0.0000 1.0000 0.0054
vn -0.0000 0.9673 -0.2537
vn -0.0000 0.8684 -0.4959
vn -0.0000 0.7098 -0.7044
vn -0.0000 0.5024 -0.8647
vn -0.0000 0.2602 -0.9656
vn -0.0000 -0.2602 -0.9656
vn -0.0000 -0.5024 -0.8647
vn -0.0000 -0.7098 -0.7044
vn -0.0000 -0.8684 -0.4959
vn -0.0000 -0.9673 -0.2537
vn -0.0000 -1.0000 0.0054
vn -0.0000 -0.9646 0.2639
vn -0.0000 -0.8637 0.5041
vn -0.0000 -0.7044 0.7098
vn -0.0000 -0.4977 0.8674
vn -0.0000 -0.2575 0.9663
vn 0.1261 0.2575 0.9580
vn 0.1132 0.4977 0.8599
vn 0.0926 0.7044 0.7037
vn 0.0658 0.8637 0.4997
vn 0.0344 0.9646 0.2616
vn 0.0007 1.0000 0.0054
vn -0.0331 0.9673 -0.2516
vn -0.0647 0.8684 -0.4917
vn -0.0919 0.7098 -0.6983
vn -0.1129 0.5024 -0.8573
vn -0.1260 0.2602 -0.9573
vn -0.1260 -0.2602 -0.9573
vn -0.1129 -0.5024 -0.8573
vn -0.0919 -0.7098 -0.6983
vn -0.0647 -0.8684 -0.4917
vn -0.0331 -0.9673 -0.2516
vn 0.0007 -1.0000 0.0054
vn 0.0344 -0.9646 0.2616
vn 0.0658 -0.8637 0.4997
vn 0.0926 -0.7044 0.7037
vn 0.1132 -0.4977 0.8600
vn 0.1261 -0.2575 0.9580
vn 0.2501 0.2575 0.9334
vn 0.2245 0.4977 0.8378
vn 0.1837 0.7044 0.6856
vn 0.1305 0.8637 0.4869
vn 0.0683 0.9646 0.2549
vn 0.0014 1.0000 0.0052
vn -0.0657 0.9673 -0.2451
vn -0.1283 0.8684 -0.4790
vn -0.1823 0.7098 -0.6804
vn -0.2238 0.5024 -0.8352
vn -0.2499 0.2602 -0.9327
vn -0.2499 -0.2602 -0.9327
vn -0.2238 -0.5024 -0.8352
vn -0.1823 -0.7098 -0.6804
vn -0.1283 -0.8684 -0.4790
vn -0.0657 -0.9673 -0.2451
vn 0.0014 -1.0000 0.0052
vn 0.0683 -0.9646 0.2549
vn 0.1305 -0.8637 0.4869
vn 0.1837 -0.7044 0.6856
vn 0.2245 -0.4977 0.8378
vn 0.2501 -0.2575 0.9334
vn 0.3698 0.2575 0.8927
vn 0.3319 0.4977 0.8013
vn 0.2716 0.7044 0.6558
vn 0.1929 0.8637 0.4657
vn 0.1010 0.9646 0.2438
vn 0.0021 1.0000 0.0050
vn -0.0971 0.9673 -0.2344
vn -0.1898 0.8684 -0.4582
vn -0.2696 0.7098 -0.6508
vn -0.3309 0.5024 -0.7988
vn -0.3695 0.2602 -0.8921
vn -0.3695 -0.2602 -0.8921
vn -0.3309 -0.5024 -0.7988
vn -0.2696 -0.7098 -0.6508
vn -0.1898 -0.8684 -0.4582
vn -0.0971 -0.9673 -0.2344
vn 0.0021 -1.0000 0.0050
vn 0.1010 -0.9646 0.2438
vn 0.1929 -0.8637 0.4657
vn 0.2716 -0.7044 0.6558
vn 0.3319 -0.4977 0.8013
vn 0.3698 -0.2575 0.8927
vn 0.4831 0.2575 0.8368
vn 0.4337 0.4977 0.7512
vn 0.3549 0.7044 0.6147
vn 0.2520 0.8637 0.4365
vn 0.1319 0.9646 0.2285
vn 0.0027 1.0000 0.0047
vn -0.1269 0.9673 -0.2197
vn -0.2480 0.8684 -0.4295
vn -0.3522 0.7098 -0.6100
vn -0.4323 0.5024 -0.7488
vn -0.4828 0.2602 -0.8362
vn -0.4828 -0.2602 -0.8362
vn -0.4323 -0.5024 -0.7488
vn -0.3522 -0.7098 -0.6100
vn -0.2480 -0.8684 -0.4295
vn -0.1269 -0.9673 -0.2197
vn 0.0027 -1.0000 0.0047
vn 0.1319 -0.9646 0.2285
vn 0.2520 -0.8637 0.4365
vn 0.3549 -0.7044 0.6147
vn 0.4337 -0.4977 0.7512
vn 0.4831 -0.2575 0.8368
vn 0.5882 0.2575 0.7666
vn 0.5280 0.4977 0.6881
vn 0.4321 0.7044 0.5631
vn 0.3068 0.8637 0.3999
vn 0.1606 0.9646 0.2093
vn 0.0033 1.0000 0.0043
vn -0.1545 0.9673 -0.2013
vn -0.3019 0.8684 -0.3934
vn -0.4288 0.7098 -0.5588
vn -0.5264 0.5024 -0.6860
vn -0.5878 0.2602 -0.7660
vn -0.5878 -0.2602 -0.7660
vn -0.5264 -0.5024 -0.6860
vn -0.4288 -0.7098 -0.5588
vn -0.3019 -0.8684 -0.3934
vn -0.1545 -0.9673 -0.2013
vn 0.0033 -1.0000 0.0043
vn 0.1606 -0.9646 0.2093
vn 0.3068 -0.8637 0.3999
vn 0.4321 -0.7044 0.5631
vn 0.5280 -0.4977 0.6881
vn 0.5882 -0.2575 0.7666
vn 0.6833 0.2575 0.6833
vn 0.6133 0.4977 0.6133
vn 0.5019 0.7044 0.5019
vn 0.3564 0.8637 0.3564
vn 0.1866 0.9646 0.1866
vn 0.0038 1.0000 0.0038
vn -0.1794 0.9673 -0.1794
vn -0.3507 0.8684 -0.3507
vn -0.4981 0.7098 -0.4981
vn -0.6114 0.5024 -0.6114
vn -0.6828 0.2602 -0.6828
vn -0.6828 -0.2602 -0.6828
vn -0.6114 -0.5024 -0.6114
vn -0.4981 -0.7098 -0.4981
vn -0.3507 -0.8684 -0.3507
vn -0.1794 -0.9673 -0.1794
vn 0.0038 -1.0000 0.0038
vn 0.1866 -0.9646 0.1866
vn 0.3564 -0.8637 0.3564
vn 0.5019 -0.7044 0.5019
vn 0.6133 -0.4977 0.6133
vn 0.6833 -0.2575 0.6833
vn 0.7666 0.2575 0.5882
vn 0.6881 0.4977 0.5280
vn 0.5631 0.7044 0.4321
vn 0.3999 0.8637 0.3068
vn 0.2093 0.9646 0.1606
vn 0.0043 1.0000 0.0033
vn -0.2013 0.9673 -0.1545
vn -0.3934 0.8684 -0.3019
vn -0.5588 0.7098 -0.4288
vn -0.6860 0.5024 -0.5264
vn -0.7660 0.2602 -0.5878
vn -0.7660 -0.2602 -0.5878
vn -0.6860 -0.5024 -0.5264
vn -0.5588 -0.7098 -0.4288
vn -0.3934 -0.8684 -0.3019
vn -0.2013 -0.9673 -0.1545
vn 0.0043 -1.0000 0.0033
vn 0.2093 -0.9646 0.1606
vn 0.3999 -0.8637 0.3068
vn 0.5631 -0.7044 0.4321
vn 0.6881 -0.4977 0.5280
vn 0.7666 -0.2575 0.5882
vn 0.8368 0.2575 0.4831
vn 0.7512 0.4977 0.4337
vn 0.6147 0.7044 0.3549
vn 0.4365 0.8637 0.2520
vn 0.2285 0.9646 0.1319
vn 0.0047 1.0000 0.0027
vn -0.2197 0.9673 -0.1269
vn -0.4295 0.8684 -0.2480
vn -0.6100 0.7098 -0.3522
vn -0.7488 0.5024 -0.4323
vn -0.8362 0.2602 -0.4828
vn -0.8362 -0.2602 -0.4828
vn -0.7488 -0.5024 -0.4323
vn -0.6100 -0.7098 -0.3522
vn -0.4295 -0.8684 -0.2480
vn -0.2197 -0.9673 -0.1269
vn 0.0047 -1.0000 0.0027
vn 0.2285 -0.9646 0.1319
vn 0.4365 -0.8637 0.2520
vn 0.6147 -0.7044 0.3549
vn 0.7512 -0.4977 0.4337
vn 0.8368 -0.2575 0.4831
vn 0.8927 0.2575 0.3698
vn 0.8013 0.4977 0.3319
vn 0.6558 0.7044 0.2716
vn 0.4657 0.8637 0.1929
vn 0.2438 0.9646 0.1010
vn 0.0050 1.0000 0.0021
vn -0.2344 0.9673 -0.0971
vn -0.4582 0.8684 -0.1898
vn -0.6508 0.7098 -0.2696
vn -0.7988 0.5024 -0.3309
vn -0.8921 0.2602 -0.3695
vn -0.8921 -0.2602 -0.3695
vn -0.7988 -0.5024 -0.3309
vn -0.6508 -0.7098 -0.2696
vn -0.4582 -0.8684 -0.1898
vn -0.2344 -0.9673 -0.0971
vn 0.0050 -1.0000 0.0021
vn 0.2438 -0.9646 0.1010
vn 0.4657 -0.8637 0.1929
vn 0.6558 -0.7044 0.2716
vn 0.8013 -0.4977 0.3319
vn 0.8927 -0.2575 0.3698
vn 0.9334 0.2575 0.2501
vn 0.8378 0.4977 0.2245
vn 0.6856 0.7044 0.1837
vn 0.4869 0.8637 0.1305
vn 0.2549 0.9646 0.0683
vn 0.0052 1.0000 0.0014
vn -0.2451 0.9673 -0.0657
vn -0.4790 0.8684 -0.1283
vn -0.6804 0.7098 -0.1823
vn -0.8352 0.5024 -0.2238
vn -0.9327 0.2602 -0.2499
vn -0.9327 -0.2602 -0.2499
vn -0.8352 -0.5024 -0.2238
vn -0.6804 -0.7098 -0.1823
vn -0.4790 -0.8684 -0.1283
vn -0.2451 -0.9673 -0.0657
vn 0.0052 -1.0000 0.0014
vn 0.2549 -0.9646 0.0683
vn 0.4869 -0.8637 0.1305
vn 0.6856 -0.7044 0.1837
vn 0.8378 -0.4977 0.2245
vn 0.9334 -0.2575 0.2501
vn 0.9580 0.2575 0.1261
vn 0.8600 0.4977 0.1132
vn 0.7037 0.7044 0.0926
vn 0.4997 0.8637 0.0658
vn 0.2616 0.9646 0.0344
vn 0.0054 1.0000 0.0007
vn -0.2516 0.9673 -0.0331
vn -0.4917 0.8684 -0.0647
vn -0.6983 0.7098 -0.0919
vn -0.8573 0.5024 -0.1129
vn -0.9573 0.2602 -0.1260
vn -0.9573 -0.2602 -0.1260
vn -0.8573 -0.5024 -0.1129
vn -0.6983 -0.7098 -0.0919
vn -0.4917 -0.8684 -0.0647
vn -0.2516 -0.9673 -0.0331
vn 0.0054 -1.0000 0.0007
vn 0.2616 -0.9646 0.0344
vn 0.4997 -0.8637 0.0658
vn 0.7037 -0.7044 0.0926
vn 0.8600 -0.4977 0.1132
vn 0.9580 -0.2575 0.1261
vt 0.500000 0.500000
vt 0.520833 0.500000
vt 0.520833 0.541667
vt 0.500000 0.541667
vt 0.520833 0.583333
vt 0.500000 0.583333
vt 0.520833 0.625000
vt 0.500000 0.625000
vt 0.520833 0.666667
vt 0.500000 0.666667
vt 0.520833 0.708333
vt 0.500000 0.708333
vt 0.520833 0.750000
vt 0.500000 0.750000
vt 0.520833 0.791667
vt 0.500000 0.791667
vt 0.520833 0.833333
vt 0.500000 0.833333
vt 0.520833 0.875000
vt 0.500000 0.875000
vt 0.520833 0.916667
vt 0.500000 0.916667
vt 0.520833 0.958333
vt 0.500000 0.958333
vt 0.520833 1.000000
vt 0.500000 1.000000
vt 0.500000 -0.000000
vt 0.520833 -0.000000
vt 0.520833 0.041667
vt 0.500000 0.041667
vt 0.520833 0.083333
vt 0.500000 0.083333
vt 0.520833 0.125000
vt 0.500000 0.125000
vt 0.520833 0.166667
vt 0.500000 0.166667
vt 0.520833 0.208333
vt 0.500000 0.208333
vt 0.520833 0.250000
vt 0.500000 0.250000
vt 0.520833 0.291667
vt 0.500000 0.291667
vt 0.520833 0.333333
vt 0.500000 0.333333
vt 0.520833 0.375000
vt 0.500000 0.375000
vt 0.520833 0.416667
vt 0.500000 0.416667
vt 0.520833 0.458333
vt 0.500000 0.458333
vt 0.541667 0.500000
vt 0.541667 0.541667
vt 0.541667 0.583333
vt 0.541667 0.625000
vt 0.541667 0.666667
vt 0.541667 0.708333
vt 0.541667 0.750000
vt 0.541667 0.791667
vt 0.541667 0.833333
vt 0.541667 0.875000
vt 0.541667 0.916667
vt 0.541667 0.958333
vt 0.541667 1.000000
vt 0.541667 -0.000000
vt 0.541667 0.041667
vt 0.541667 0.083333
vt 0.541667 0.125000
vt 0.541667 0.166667
vt 0.541667 0.208333
vt 0.541667 0.250000
vt 0.541667 0.291667
vt 0.541667 0.333333
vt 0.541667 0.375000
vt 0.541667 0.416667
vt 0.541667 0.458333
vt 0.562500 0.500000
vt 0.562500 0.541667
vt 0.562500 0.583333
vt 0.562500 0.625000
vt 0.562500 0.666667
vt 0.562500 0.708333
vt 0.562500 0.750000
vt 0.562500 0.791667
vt 0.562500 0.833333
vt 0.562500 0.875000
vt 0.562500 0.916667
vt 0.562500 0.958333
vt 0.562500 1.000000
vt 0.562500 -0.000000
vt 0.562500 0.041667
vt 0.562500 0.083333
vt 0.562500 0.125000
vt 0.562500 0.166667
vt 0.562500 0.208333
vt 0.562500 0.250000
vt 0.562500 0.291667
vt 0.562500 0.333333
vt 0.562500 0.375000
vt 0.562500 0.416667
vt 0.562500 0.458333
vt 0.583333 0.500000
vt 0.583333 0.541667
vt 0.583333 0.583333
vt 0.583333 0.625000
vt 0.583333 0.666667
vt 0.583333 0.708333
vt 0.583333 0.750000
vt 0.583333 0.791667
vt 0.583333 0.833333
vt 0.583333 0.875000
vt 0.583333 0.916667
vt 0.583333 0.958333
vt 0.583333 1.000000
vt 0.583333 -0.000000
vt 0.583333 0.041667
vt 0.583333 0.083333
vt 0.583333 0.125000
vt 0.583333 0.166667
vt 0.583333 0.208333
vt 0.583333 0.250000
vt 0.583333 0.291667
vt 0.583333 0.333333
vt 0.583333 0.375000
vt 0.583333 0.416667
vt 0.583333 0.458333
vt 0.604167 0.500000
vt 0.604167 0.541667
vt 0.604167 0.583333
vt 0.604167 0.625000
vt 0.604167 0.666667
vt 0.604167 0.708333
vt 0.604167 0.750000
vt 0.604167 0.791667
vt 0.604167 0.833333
vt 0.604167 0.875000
vt 0.604167 0.916667
vt 0.604167 0.958333
vt 0.604167 1.000000
vt 0.604167 -0.000000
vt 0.604167 0.041667
vt 0.604167 0.083333
vt 0.604167 0.125000
vt 0.604167 0.166667
vt 0.604167 0.208333
vt 0.604167 0.250000
vt 0.604167 0.291667
vt 0.604167 0.333333
vt 0.604167 0.375000
vt 0.604167 0.416667
vt 0.604167 0.458333
vt 0.625000 0.500000
vt 0.625000 0.541667
vt 0.625000 0.583333
vt 0.625000 0.625000
vt 0.625000 0.666667
vt 0.625000 0.708333
vt 0.625000 0.750000
vt 0.625000 0.791667
vt 0.625000 0.833333
vt 0.625000 0.875000
vt 0.625000 0.916667
vt 0.625000 0.958333
vt 0.625000 1.000000
vt 0.625000 -0.000000
vt 0.625000 0.041667
vt 0.625000 0.083333
vt 0.625000 0.125000
vt 0.625000 0.166667
vt 0.625000 0.208333
vt 0.625000 0.250000
vt 0.625000 0.291667
vt 0.625000 0.333333
vt 0.625000 0.375000
vt 0.625000 0.416667
vt 0.625000 0.458333
vt 0.645833 0.500000
vt 0.645833 0.541667
vt 0.645833 0.583333
vt 0.645833 0.625000
vt 0.645833 0.666667
vt 0.645833 0.708333
vt 0.645833 0.750000
vt 0.645833 0.791667
vt 0.645833 0.833333
vt 0.645833 0.875000
vt 0.645833 0.916667
vt 0.645833 0.958333
vt 0.645833 1.000000
vt 0.645833 -0.000000
vt 0.645833 0.041667
vt 0.645833 0.083333
vt 0.645833 0.125000
vt 0.645833 0.166667
vt 0.645833 0.208333
vt 0.645833 0.250000
vt 0.645833 0.291667
vt 0.645833 0.333333
vt 0.645833 0.375000
vt 0.645833 0.416667
vt 0.645833 0.458333
vt 0.666667 0.500000
vt 0.666667 0.541667
vt 0.666667 0.583333
vt 0.666667 0.625000
vt 0.666667 0.666667
vt 0.666667 0.708333
vt 0.666667 0.750000
vt 0.666667 0.791667
vt 0.666667 0.833333
vt 0.666667 0.875000
vt 0.666667 0.916667
vt 0.666667 0.958333
vt 0.666667 1.000000
vt 0.666667 -0.000000
vt 0.666667 0.041667
vt 0.666667 0.083333
vt 0.666667 0.125000
vt 0.666667 0.166667
vt 0.666667 0.208333
vt 0.666667 0.250000
vt 0.666667 0.291667
vt 0.666667 0.333333
vt 0.666667 0.375000
vt 0.666667 0.416667
vt 0.666667 0.458333
vt 0.687500 0.500000
vt 0.687500 0.541667
vt 0.687500 0.583333
vt 0.687500 0.625000
vt 0.687500 0.666667
vt 0.687500 0.708333
vt 0.687500 0.750000
vt 0.687500 0.791667
vt 0.687500 0.833333
vt 0.687500 0.875000
vt 0.687500 0.916667
vt 0.687500 0.958333
vt 0.687500 1.000000
vt 0.687500 -0.000000
vt 0.687500 0.041667
vt 0.687500 0.083333
vt 0.687500 0.125000
vt 0.687500 0.166667
vt 0.687500 0.208333
vt 0.687500 0.250000
vt 0.687500 0.291667
vt 0.687500 0.333333
vt 0.687500 0.375000
vt 0.687500 0.416667
vt 0.687500 0.458333
vt 0.708333 0.500000
vt 0.708333 0.541667
vt 0.708333 0.583333
vt 0.708333 0.625000
vt 0.708333 0.666667
vt 0.708333 0.708333
vt 0.708333 0.750000
vt 0.708333 0.791667
vt 0.708333 0.833333
vt 0.708333 0.875000
vt 0.708333 0.916667
vt 0.708333 0.958333
vt 0.708333 1.000000
vt 0.708333 -0.000000
vt 0.708333 0.041667
vt 0.708333 0.083333
vt 0.708333 0.125000
vt 0.708333 0.166667
vt 0.708333 0.208333
vt 0.708333 0.250000
vt 0.708333 0.291667
vt 0.708333 0.333333
vt 0.708333 0.375000
vt 0.708333 0.416667
vt 0.708333 0.458333
vt 0.729167 0.500000
vt 0.729167 0.541667
vt 0.729167 0.583333
vt 0.729167 0.625000
vt 0.729167 0.666667
vt 0.729167 0.708333
vt 0.729167 0.750000
vt 0.729167 0.791667
vt 0.729167 0.833333
vt 0.729167 0.875000
vt 0.729167 0.916667
vt 0.729167 0.958333
vt 0.729167 1.000000
vt 0.729167 -0.000000
vt 0.729167 0.041667
vt 0.729167 0.083333
vt 0.729167 0.125000
vt 0.729167 0.166667
vt 0.729167 0.208333
vt 0.729167 0.250000
vt 0.729167 0.291667
vt 0.729167 0.333333
vt 0.729167 0.375000
vt 0.729167 0.416667
vt 0.729167 0.458333
vt 0.750000 0.500000
vt 0.750000 0.541667
vt 0.750000 0.583333
vt 0.750000 0.625000
vt 0.750000 0.666667
vt 0.750000 0.708333
vt 0.750000 0.750000
vt 0.750000 0.791667
vt 0.750000 0.833333
vt 0.750000 0.875000
vt 0.750000 0.916667
vt 0.750000 0.958333
vt 0.750000 1.000000
vt 0.750000 -0.000000
vt 0.750000 0.041667
vt 0.750000 0.083333
vt 0.750000 0.125000
vt 0.750000 0.166667
vt 0.750000 0.208333
vt 0.750000 0.250000
vt 0.750000 0.291667
vt 0.750000 0.333333
vt 0.750000 0.375000
vt 0.750000 0.416667
vt 0.750000 0.458333
vt 0.770833 0.500000
vt 0.770833 0.541667
vt 0.770833 0.583333
vt 0.770833 0.625000
vt 0.770833 0.666667
vt 0.770833 0.708333
vt 0.770833 0.750000
vt 0.770833 0.791667
vt 0.770833 0.833333
vt 0.770833 0.875000
vt 0.770833 0.916667
vt 0.770833 0.958333
vt 0.770833 1.000000
vt 0.770833 -0.000000
vt 0.770833 0.041667
vt 0.770833 0.083333
vt 0.770833 0.125000
vt 0.770833 0.166667
vt 0.770833 0.208333
vt 0.770833 0.250000
vt 0.770833 0.291667
vt 0.770833 0.333333
vt 0.770833 0.375000
vt 0.770833 0.416667
vt 0.770833 0.458333
vt 0.791667 0.500000
vt 0.791667 0.541667
vt 0.791667 0.583333
vt 0.791667 0.625000
vt 0.791667 0.666667
vt 0.791667 0.708333
vt 0.791667 0.750000
vt 0.791667 0.791667
vt 0.791667 0.833333
vt 0.791667 0.875000
vt 0.791667 0.916667
vt 0.791667 0.958333
vt 0.791667 1.000000
vt 0.791667 -0.000000
vt 0.791667 0.041667
vt 0.791667 0.083333
vt 0.791667 0.125000
vt 0.791667 0.166667
vt 0.791667 0.208333
vt 0.791667 0.250000
vt 0.791667 0.291667
vt 0.791667 0.333333
vt 0.791667 0.375000
vt 0.791667 0.416667
vt 0.791667 0.458333
vt 0.812500 0.500000
vt 0.812500 0.541667
vt 0.812500 0.583333
vt 0.812500 0.625000
vt 0.812500 0.666667
vt 0.812500 0.708333
vt 0.812500 0.750000
vt 0.812500 0.791667
vt 0.812500 0.833333
vt 0.812500 0.875000
vt 0.812500 0.916667
vt 0.812500 0.958333
vt 0.812500 1.000000
vt 0.812500 -0.000000
vt 0.812500 0.041667
vt 0.812500 0.083333
vt 0.812500 0.125000
vt 0.812500 0.166667
vt 0.812500 0.208333
vt 0.812500 0.250000
vt 0.812500 0.291667
vt 0.812500 0.333333
vt 0.812500 0.375000
vt 0.812500 0.416667
vt 0.812500 0.458333
vt 0.833333 0.500000
vt 0.833333 0.541667
vt 0.833333 0.583333
vt 0.833333 0.625000
vt 0.833333 0.666667
vt 0.833333 0.708333
vt 0.833333 0.750000
vt 0.833333 0.791667
vt 0.833333 0.833333
vt 0.833333 0.875000
vt 0.833333 0.916667
vt 0.833333 0.958333
vt 0.833333 1.000000
vt 0.833333 -0.000000
vt 0.833333 0.041667
vt 0.833333 0.083333
vt 0.833333 0.125000
vt 0.833333 0.166667
vt 0.833333 0.208333
vt 0.833333 0.250000
vt 0.833333 0.291667
vt 0.833333 0.333333
vt 0.833333 0.375000
vt 0.833333 0.416667
vt 0.833333 0.458333
vt 0.854167 0.500000
vt 0.854167 0.541667
vt 0.854167 0.583333
vt 0.854167 0.625000
vt 0.854167 0.666667
vt 0.854167 0.708333
vt 0.854167 0.750000
vt 0.854167 0.791667
vt 0.854167 0.833333
vt 0.854167 0.875000
vt 0.854167 0.916667
vt 0.854167 0.958333
vt 0.854167 1.000000
vt 0.854167 -0.000000
vt 0.854167 0.041667
vt 0.854167 0.083333
vt 0.854167 0.125000
vt 0.854167 0.166667
vt 0.854167 0.208333
vt 0.854167 0.250000
vt 0.854167 0.291667
vt 0.854167 0.333333
vt 0.854167 0.375000
vt 0.854167 0.416667
vt 0.854167 0.458333
vt 0.875000 0.500000
vt 0.875000 0.541667
vt 0.875000 0.583333
vt 0.875000 0.625000
vt 0.875000 0.666667
vt 0.875000 0.708333
vt 0.875000 0.750000
vt 0.875000 0.791667
vt 0.875000 0.833333
vt 0.875000 0.875000
vt 0.875000 0.916667
vt 0.875000 0.958333
vt 0.875000 1.000000
vt 0.875000 -0.000000
vt 0.875000 0.041667
vt 0.875000 0.083333
vt 0.875000 0.125000
vt 0.875000 0.166667
vt 0.875000 0.208333
vt 0.875000 0.250000
vt 0.875000 0.291667
vt 0.875000 0.333333
vt 0.875000 0.375000
vt 0.875000 0.416667
vt 0.875000 0.458333
vt 0.895833 0.500000
vt 0.895833 0.541667
vt 0.895833 0.583333
vt 0.895833 0.625000
vt 0.895833 0.666667
vt 0.895833 0.708333
vt 0.895833 0.750000
vt 0.895833 0.791667
vt 0.895833 0.833333
vt 0.895833 0.875000
vt 0.895833 0.916667
vt 0.895833 0.958333
vt 0.895833 1.000000
vt 0.895833 -0.000000
vt 0.895833 0.041667
vt 0.895833 0.083333
vt 0.895833 0.125000
vt 0.895833 0.166667
vt 0.895833 0.208333
vt 0.895833 0.250000
vt 0.895833 0.291667
vt 0.895833 0.333333
vt 0.895833 0.375000
vt 0.895833 0.416667
vt 0.895833 0.458333
vt 0.916667 0.500000
vt 0.916667 0.541667
vt 0.916667 0.583333
vt 0.916667 0.625000
vt 0.916667 0.666667
vt 0.916667 0.708333
vt 0.916667 0.750000
vt 0.916667 0.791667
vt 0.916667 0.833333
vt 0.916667 0.875000
vt 0.916667 0.916667
vt 0.916667 0.958333
vt 0.916667 1.000000
vt 0.916667 -0.000000
vt 0.916667 0.041667
vt 0.916667 0.083333
vt 0.916667 0.125000
vt 0.916667 0.166667
vt 0.916667 0.208333
vt 0.916667 0.250000
vt 0.916667 0.291667
vt 0.916667 0.333333
vt 0.916667 0.375000
vt 0.916667 0.416667
vt 0.916667 0.458333
vt 0.937500 0.500000
vt 0.937500 0.541667
vt 0.937500 0.583333
vt 0.937500 0.625000
vt 0.937500 0.666667
vt 0.937500 0.708333
vt 0.937500 0.750000
vt 0.937500 0.791667
vt 0.937500 0.833333
vt 0.937500 0.875000
vt 0.937500 0.916667
vt 0.937500 0.958333
vt 0.937500 1.000000
vt 0.937500 -0.000000
vt 0.937500 0.041667
vt 0.937500 0.083333
vt 0.937500 0.125000
vt 0.937500 0.166667
vt 0.937500 0.208333
vt 0.937500 0.250000
vt 0.937500 0.291667
vt 0.937500 0.333333
vt 0.937500 0.375000
vt 0.937500 0.416667
vt 0.937500 0.458333
vt 0.958333 0.500000
vt 0.958333 0.541667
vt 0.958333 0.583333
vt 0.958333 0.625000
vt 0.958333 0.666667
vt 0.958333 0.708333
vt 0.958333 0.750000
vt 0.958333 0.791667
vt 0.958333 0.833333
vt 0.958333 0.875000
vt 0.958333 0.916667
vt 0.958333 0.958333
vt 0.958333 1.000000
vt 0.958333 -0.000000
vt 0.958333 0.041667
vt 0.958333 0.083333
vt 0.958333 0.125000
vt 0.958333 0.166667
vt 0.958333 0.208333
vt 0.958333 0.250000
vt 0.958333 0.291667
vt 0.958333 0.333333
vt 0.958333 0.375000
vt 0.958333 0.416667
vt 0.958333 0.458333
vt 0.979167 0.500000
vt 0.979167 0.541667
vt 0.979167 0.583333
vt 0.979167 0.625000
vt 0.979167 0.666667
vt 0.979167 0.708333
vt 0.979167 0.750000
vt 0.979167 0.791667
vt 0.979167 0.833333
vt 0.979167 0.875000
vt 0.979167 0.916667
vt 0.979167 0.958333
vt 0.979167 1.000000
vt 0.979167 -0.000000
vt 0.979167 0.041667
vt 0.979167 0.083333
vt 0.979167 0.125000
vt 0.979167 0.166667
vt 0.979167 0.208333
vt 0.979167 0.250000
vt 0.979167 0.291667
vt 0.979167 0.333333
vt 0.979167 0.375000
vt 0.979167 0.416667
vt 0.979167 0.458333
vt 1.000000 0.500000
vt 1.000000 0.541667
vt 1.000000 0.583333
vt 1.000000 0.625000
vt 1.000000 0.666667
vt 1.000000 0.708333
vt 1.000000 0.750000
vt 1.000000 0.791667
vt 1.000000 0.833333
vt 1.000000 0.875000
vt 1.000000 0.916667
vt 1.000000 0.958333
vt 1.000000 1.000000
vt 1.000000 -0.000000
vt 1.000000 0.041667
vt 1.000000 0.083333
vt 1.000000 0.125000
vt 1.000000 0.166667
vt 1.000000 0.208333
vt 1.000000 0.250000
vt 1.000000 0.291667
vt 1.000000 0.333333
vt 1.000000 0.375000
vt 1.000000 0.416667
vt 1.000000 0.458333
vt 0.000000 0.500000
vt 0.020833 0.500000
vt 0.020833 0.541667
vt 0.000000 0.541667
vt 0.020833 0.583333
vt 0.000000 0.583333
vt 0.020833 0.625000
vt 0.000000 0.625000
vt 0.020833 0.666667
vt 0.000000 0.666667
vt 0.020833 0.708333
vt 0.000000 0.708333
vt 0.020833 0.750000
vt 0.000000 0.750000
vt 0.020833 0.791667
vt 0.000000 0.791667
vt 0.020833 0.833333
vt 0.000000 0.833333
vt 0.020833 0.875000
vt 0.000000 0.875000
vt 0.020833 0.916667
vt 0.000000 0.916667
vt 0.020833 0.958333
vt 0.000000 0.958333
vt 0.020833 1.000000
vt 0.000000 1.000000
vt 0.000000 -0.000000
vt 0.020833 -0.000000
vt 0.020833 0.041667
vt 0.000000 0.041667
vt 0.020833 0.083333
vt 0.000000 0.083333
vt 0.020833 0.125000
vt 0.000000 0.125000
vt 0.020833 0.166667
vt 0.000000 0.166667
vt 0.020833 0.208333
vt 0.000000 0.208333
vt 0.020833 0.250000
vt 0.000000 0.250000
vt 0.020833 0.291667
vt 0.000000 0.291667
vt 0.020833 0.333333
vt 0.000000 0.333333
vt 0.020833 0.375000
vt 0.000000 0.375000
vt 0.020833 0.416667
vt 0.000000 0.416667
vt 0.020833 0.458333
vt 0.000000 0.458333
vt 0.041667 0.500000
vt 0.041667 0.541667
vt 0.041667 0.583333
vt 0.041667 0.625000
vt 0.041667 0.666667
vt 0.041667 0.708333
vt 0.041667 0.750000
vt 0.041667 0.791667
vt 0.041667 0.833333
vt 0.041667 0.875000
vt 0.041667 0.916667
vt 0.041667 0.958333
vt 0.041667 1.000000
vt 0.041667 -0.000000
vt 0.041667 0.041667
vt 0.041667 0.083333
vt 0.041667 0.125000
vt 0.041667 0.166667
vt 0.041667 0.208333
vt 0.041667 0.250000
vt 0.041667 0.291667
vt 0.041667 0.333333
vt 0.041667 0.375000
vt 0.041667 0.416667
vt 0.041667 0.458333
vt 0.062500 0.500000
vt 0.062500 0.541667
vt 0.062500 0.583333
vt 0.062500 0.625000
vt 0.062500 0.666667
vt 0.062500 0.708333
vt 0.062500 0.750000
vt 0.062500 0.791667
vt 0.062500 0.833333
vt 0.062500 0.875000
vt 0.062500 0.916667
vt 0.062500 0.958333
vt 0.062500 1.000000
vt 0.062500 -0.000000
vt 0.062500 0.041667
vt 0.062500 0.083333
vt 0.062500 0.125000
vt 0.062500 0.166667
vt 0.062500 0.208333
vt 0.062500 0.250000
vt 0.062500 0.291667
vt 0.062500 0.333333
vt 0.062500 0.375000
vt 0.062500 0.416667
vt 0.062500 0.458333
vt 0.083333 0.500000
vt 0.083333 0.541667
vt 0.083333 0.583333
vt 0.083333 0.625000
vt 0.083333 0.666667
vt 0.083333 0.708333
vt 0.083333 0.750000
vt 0.083333 0.791667
vt 0.083333 0.833333
vt 0.083333 0.875000
vt 0.083333 0.916667
vt 0.083333 0.958333
vt 0.083333 1.000000
vt 0.083333 -0.000000
vt 0.083333 0.041667
vt 0.083333 0.083333
vt 0.083333 0.125000
vt 0.083333 0.166667
vt 0.083333 0.208333
vt 0.083333 0.250000
vt 0.083333 0.291667
vt 0.083333 0.333333
vt 0.083333 0.375000
vt 0.083333 0.416667
vt 0.083333 0.458333
vt 0.104167 0.500000
vt 0.104167 0.541667
vt 0.104167 0.583333
vt 0.104167 0.625000
vt 0.104167 0.666667
vt 0.104167 0.708333
vt 0.104167 0.750000
vt 0.104167 0.791667
vt 0.104167 0.833333
vt 0.104167 0.875000
vt 0.104167 0.916667
vt 0.104167 0.958333
vt 0.104167 1.000000
vt 0.104167 -0.000000
vt 0.104167 0.041667
vt 0.104167 0.083333
vt 0.104167 0.125000
vt 0.104167 0.166667
vt 0.104167 0.208333
vt 0.104167 0.250000
vt 0.104167 0.291667
vt 0.104167 0.333333
vt 0.104167 0.375000
vt 0.104167 0.416667
vt 0.104167 0.458333
vt 0.125000 0.500000
vt 0.125000 0.541667
vt 0.125000 0.583333
vt 0.125000 0.625000
vt 0.125000 0.666667
vt 0.125000 0.708333
vt 0.125000 0.750000
vt 0.125000 0.791667
vt 0.125000 0.833333
vt 0.125000 0.875000
vt 0.125000 0.916667
vt 0.125000 0.958333
vt 0.125000 1.000000
vt 0.125000 -0.000000
vt 0.125000 0.041667
vt 0.125000 0.083333
vt 0.125000 0.125000
vt 0.125000 0.166667
vt 0.125000 0.208333
vt 0.125000 0.250000
vt 0.125000 0.291667
vt 0.125000 0.333333
vt 0.125000 0.375000
vt 0.125000 0.416667
vt 0.125000 0.458333
vt 0.145833 0.500000
vt 0.145833 0.541667
vt 0.145833 0.583333
vt 0.145833 0.625000
vt 0.145833 0.666667
vt 0.145833 0.708333
vt 0.145833 0.750000
vt 0.145833 0.791667
vt 0.145833 0.833333
vt 0.145833 0.875000
vt 0.145833 0.916667
vt 0.145833 0.958333
vt 0.145833 1.000000
vt 0.145833 -0.000000
vt 0.145833 0.041667
vt 0.145833 0.083333
vt 0.145833 0.125000
vt 0.145833 0.166667
vt 0.145833 0.208333
vt 0.145833 0.250000
vt 0.145833 0.291667
vt 0.145833 0.333333
vt 0.145833 0.375000
vt 0.145833 0.416667
vt 0.145833 0.458333
vt 0.166667 0.500000
vt 0.166667 0.541667
vt 0.166667 0.583333
vt 0.166667 0.625000
vt 0.166667 0.666667
vt 0.166667 0.708333
vt 0.166667 0.750000
vt 0.166667 0.791667
vt 0.166667 0.833333
vt 0.166667 0.875000
vt 0.166667 0.916667
vt 0.166667 0.958333
vt 0.166667 1.000000
vt 0.166667 -0.000000
vt 0.166667 0.041667
vt 0.166667 0.083333
vt 0.166667 0.125000
vt 0.166667 0.166667
vt 0.166667 0.208333
vt 0.166667 0.250000
vt 0.166667 0.291667
vt 0.166667 0.333333
vt 0.166667 0.375000
vt 0.166667 0.416667
vt 0.166667 0.458333
vt 0.187500 0.500000
vt 0.187500 0.541667
vt 0.187500 0.583333
vt 0.187500 0.625000
vt 0.187500 0.666667
vt 0.187500 0.708333
vt 0.187500 0.750000
vt 0.187500 0.791667
vt 0.187500 0.833333
vt 0.187500 0.875000
vt 0.187500 0.916667
vt 0.187500 0.958333
vt 0.187500 1.000000
vt 0.187500 -0.000000
vt 0.187500 0.041667
vt 0.187500 0.083333
vt 0.187500 0.125000
vt 0.187500 0.166667
vt 0.187500 0.208333
vt 0.187500 0.250000
vt 0.187500 0.291667
vt 0.187500 0.333333
vt 0.187500 0.375000
vt 0.187500 0.416667
vt 0.187500 0.458333
vt 0.208333 0.500000
vt 0.208333 0.541667
vt 0.208333 0.583333
vt 0.208333 0.625000
vt 0.208333 0.666667
vt 0.208333 0.708333
vt 0.208333 0.750000
vt 0.208333 0.791667
vt 0.208333 0.833333
vt 0.208333 0.875000
vt 0.208333 0.916667
vt 0.208333 0.958333
vt 0.208333 1.000000
vt 0.208333 -0.000000
vt 0.208333 0.041667
vt 0.208333 0.083333
vt 0.208333 0.125000
vt 0.208333 0.166667
vt 0.208333 0.208333
vt 0.208333 0.250000
vt 0.208333 0.291667
vt 0.208333 0.333333
vt 0.208333 0.375000
vt 0.208333 0.416667
vt 0.208333 0.458333
vt 0.229167 0.500000
vt 0.229167 0.541667
vt 0.229167 0.583333
vt 0.229167 0.625000
vt 0.229167 0.666667
vt 0.229167 0.708333
vt 0.229167 0.750000
vt 0.229167 0.791667
vt 0.229167 0.833333
vt 0.229167 0.875000
vt 0.229167 0.916667
vt 0.229167 0.958333
vt 0.229167 1.000000
vt 0.229167 -0.000000
vt 0.229167 0.041667
vt 0.229167 0.083333
vt 0.229167 0.125000
vt 0.229167 0.166667
vt 0.229167 0.208333
vt 0.229167 0.250000
vt 0.229167 0.291667
vt 0.229167 0.333333
vt 0.229167 0.375000
vt 0.229167 0.416667
vt 0.229167 0.458333
vt 0.250000 0.500000
vt 0.250000 0.541667
vt 0.250000 0.583333
vt 0.250000 0.625000
vt 0.250000 0.666667
vt 0.250000 0.708333
vt 0.250000 0.750000
vt 0.250000 0.791667
vt 0.250000 0.833333
vt 0.250000 0.875000
vt 0.250000 0.916667
vt 0.250000 0.958333
vt 0.250000 1.000000
vt 0.250000 -0.000000
vt 0.250000 0.041667
vt 0.250000 0.083333
vt 0.250000 0.125000
vt 0.250000 0.166667
vt 0.250000 0.208333
vt 0.250000 0.250000
vt 0.250000 0.291667
vt 0.250000 0.333333
vt 0.250000 0.375000
vt 0.250000 0.416667
vt 0.250000 0.458333
vt 0.270833 0.500000
vt 0.270833 0.541667
vt 0.270833 0.583333
vt 0.270833 0.625000
vt 0.270833 0.666667
vt 0.270833 0.708333
vt 0.270833 0.750000
vt 0.270833 0.791667
vt 0.270833 0.833333
vt 0.270833 0.875000
vt 0.270833 0.916667
vt 0.270833 0.958333
vt 0.270833 1.000000
vt 0.270833 -0.000000
vt 0.270833 0.041667
vt 0.270833 0.083333
vt 0.270833 0.125000
vt 0.270833 0.166667
vt 0.270833 0.208333
vt 0.270833 0.250000
vt 0.270833 0.291667
vt 0.270833 0.333333
vt 0.270833 0.375000
vt 0.270833 0.416667
vt 0.270833 0.458333
vt 0.291667 0.500000
vt 0.291667 0.541667
vt 0.291667 0.583333
vt 0.291667 0.625000
vt 0.291667 0.666667
vt 0.291667 0.708333
vt 0.291667 0.750000
vt 0.291667 0.791667
vt 0.291667 0.833333
vt 0.291667 0.875000
vt 0.291667 0.916667
vt 0.291667 0.958333
vt 0.291667 1.000000
vt 0.291667 -0.000000
vt 0.291667 0.041667
vt 0.291667 0.083333
vt 0.291667 0.125000
vt 0.291667 0.166667
vt 0.291667 0.208333
vt 0.291667 0.250000
vt 0.291667 0.291667
vt 0.291667 0.333333
vt 0.291667 0.375000
vt 0.291667 0.416667
vt 0.291667 0.458333
vt 0.312500 0.500000
vt 0.312500 0.541667
vt 0.312500 0.583333
vt 0.312500 0.625000
vt 0.312500 0.666667
vt 0.312500 0.708333
vt 0.312500 0.750000
vt 0.312500 0.791667
vt 0.312500 0.833333
vt 0.312500 0.875000
vt 0.312500 0.916667
vt 0.312500 0.958333
vt 0.312500 1.000000
vt 0.312500 -0.000000
vt 0.312500 0.041667
vt 0.312500 0.083333
vt 0.312500 0.125000
vt 0.312500 0.166667
vt 0.312500 0.208333
vt 0.312500 0.250000
vt 0.312500 0.291667
vt 0.312500 0.333333
vt 0.312500 0.375000
vt 0.312500 0.416667
vt 0.312500 0.458333
vt 0.333333 0.500000
vt 0.333333 0.541667
vt 0.333333 0.583333
vt 0.333333 0.625000
vt 0.333333 0.666667
vt 0.333333 0.708333
vt 0.333333 0.750000
vt 0.333333 0.791667
vt 0.333333 0.833333
vt 0.333333 0.875000
vt 0.333333 0.916667
vt 0.333333 0.958333
vt 0.333333 1.000000
vt 0.333333 -0.000000
vt 0.333333 0.041667
vt 0.333333 0.083333
vt 0.333333 0.125000
vt 0.333333 0.166667
vt 0.333333 0.208333
vt 0.333333 0.250000
vt 0.333333 0.291667
vt 0.333333 0.333333
vt 0.333333 0.375000
vt 0.333333 0.416667
vt 0.333333 0.458333
vt 0.354167 0.500000
vt 0.354167 0.541667
vt 0.354167 0.583333
vt 0.354167 0.625000
vt 0.354167 0.666667
vt 0.354167 0.708333
vt 0.354167 0.750000
vt 0.354167 0.791667
vt 0.354167 0.833333
vt 0.354167 0.875000
vt 0.354167 0.916667
vt 0.354167 0.958333
vt 0.354167 1.000000
vt 0.354167 -0.000000
vt 0.354167 0.041667
vt 0.354167 0.083333
vt 0.354167 0.125000
vt 0.354167 0.166667
vt 0.354167 0.208333
vt 0.354167 0.250000
vt 0.354167 0.291667
vt 0.354167 0.333333
vt 0.354167 0.375000
vt 0.354167 0.416667
vt 0.354167 0.458333
vt 0.375000 0.500000
vt 0.375000 0.541667
vt 0.375000 0.583333
vt 0.375000 0.625000
vt 0.375000 0.666667
vt 0.375000 0.708333
vt 0.375000 0.750000
vt 0.375000 0.791667
vt 0.375000 0.833333
vt 0.375000 0.875000
vt 0.375000 0.916667
vt 0.375000 0.958333
vt 0.375000 1.000000
vt 0.375000 -0.000000
vt 0.375000 0.041667
vt 0.375000 0.083333
vt 0.375000 0.125000
vt 0.375000 0.166667
vt 0.375000 0.208333
vt 0.375000 0.250000
vt 0.375000 0.291667
vt 0.375000 0.333333
vt 0.375000 0.375000
vt 0.375000 0.416667
vt 0.375000 0.458333
vt 0.395833 0.500000
vt 0.395833 0.541667
vt 0.395833 0.583333
vt 0.395833 0.625000
vt 0.395833 0.666667
vt 0.395833 0.708333
vt 0.395833 0.750000
vt 0.395833 0.791667
vt 0.395833 0.833333
vt 0.395833 0.875000
vt 0.395833 0.916667
vt 0.395833 0.958333
vt 0.395833 1.000000
vt 0.395833 -0.000000
vt 0.395833 0.041667
vt 0.395833 0.083333
vt 0.395833 0.125000
vt 0.395833 0.166667
vt 0.395833 0.208333
vt 0.395833 0.250000
vt 0.395833 0.291667
vt 0.395833 0.333333
vt 0.395833 0.375000
vt 0.395833 0.416667
vt 0.395833 0.458333
vt 0.416667 0.500000
vt 0.416667 0.541667
vt 0.416667 0.583333
vt 0.416667 0.625000
vt 0.416667 0.666667
vt 0.416667 0.708333
vt 0.416667 0.750000
vt 0.416667 0.791667
vt 0.416667 0.833333
vt 0.416667 0.875000
vt 0.416667 0.916667
vt 0.416667 0.958333
vt 0.416667 1.000000
vt 0.416667 -0.000000
vt 0.416667 0.041667
vt 0.416667 0.083333
vt 0.416667 0.125000
vt 0.416667 0.166667
vt 0.416667 0.208333
vt 0.416667 0.250000
vt 0.416667 0.291667
vt 0.416667 0.333333
vt 0.416667 0.375000
vt 0.416667 0.416667
vt 0.416667 0.458333
vt 0.437500 0.500000
vt 0.437500 0.541667
vt 0.437500 0.583333
vt 0.437500 0.625000
vt 0.437500 0.666667
vt 0.437500 0.708333
vt 0.437500 0.750000
vt 0.437500 0.791667
vt 0.437500 0.833333
vt 0.437500 0.875000
vt 0.437500 0.916667
vt 0.437500 0.958333
vt 0.437500 1.000000
vt 0.437500 -0.000000
vt 0.437500 0.041667
vt 0.437500 0.083333
vt 0.437500 0.125000
vt 0.437500 0.166667
vt 0.437500 0.208333
vt 0.437500 0.250000
vt 0.437500 0.291667
vt 0.437500 0.333333
vt 0.437500 0.375000
vt 0.437500 0.416667
vt 0.437500 0.458333
vt 0.458333 0.500000
vt 0.458333 0.541667
vt 0.458333 0.583333
vt 0.458333 0.625000
vt 0.458333 0.666667
vt 0.458333 0.708333
vt 0.458333 0.750000
vt 0.458333 0.791667
vt 0.458333 0.833333
vt 0.458333 0.875000
vt 0.458333 0.916667
vt 0.458333 0.958333
vt 0.458333 1.000000
vt 0.458333 -0.000000
vt 0.458333 0.041667
vt 0.458333 0.083333
vt 0.458333 0.125000
vt 0.458333 0.166667
vt 0.458333 0.208333
vt 0.458333 0.250000
vt 0.458333 0.291667
vt 0.458333 0.333333
vt 0.458333 0.375000
vt 0.458333 0.416667
vt 0.458333 0.458333
vt 0.479167 0.500000
vt 0.479167 0.541667
vt 0.479167 0.583333
vt 0.479167 0.625000
vt 0.479167 0.666667
vt 0.479167 0.708333
vt 0.479167 0.750000
vt 0.479167 0.791667
vt 0.479167 0.833333
vt 0.479167 0.875000
vt 0.479167 0.916667
vt 0.479167 0.958333
vt 0.479167 1.000000
vt 0.479167 -0.000000
vt 0.479167 0.041667
vt 0.479167 0.083333
vt 0.479167 0.125000
vt 0.479167 0.166667
vt 0.479167 0.208333
vt 0.479167 0.250000
vt 0.479167 0.291667
vt 0.479167 0.333333
vt 0.479167 0.375000
vt 0.479167 0.416667
vt 0.479167 0.458333
s 1
f 1/1/1 25/2/25 26/3/26 2/4/2
f 2/4/2 26/3/26 27/5/27 3/6/3
f 3/6/3 27/5/27 28/7/28 4/8/4
f 4/8/4 28/7/28 29/9/29 5/10/5
f 5/10/5 29/9/29 30/11/30 6/12/6
f 6/12/6 30/11/30 31/13/31 7/14/7
f 7/14/7 31/13/31 32/15/32 8/16/8
f 8/16/8 32/15/32 33/17/33 9/18/9
f 9/18/9 33/17/33 34/19/34 10/20/10
f 10/20/10 34/19/34 35/21/35 11/22/11
f 11/22/11 35/21/35 36/23/36 12/24/12
f 12/24/12 36/23/36 37/25/37 13/26/13
f 13/27/13 37/28/37 38/29/38 14/30/14
f 14/30/14 38/29/38 39/31/39 15/32/15
f 15/32/15 39/31/39 40/33/40 16/34/16
f 16/34/16 40/33/40 41/35/41 17/36/17
f 17/36/17 41/35/41 42/37/42 18/38/18
f 18/38/18 42/37/42 43/39/43 19/40/19
f 19/40/19 43/39/43 44/41/44 20/42/20
f 20/42/20 44/41/44 45/43/45 21/44/21
f 21/44/21 45/43/45 46/45/46 22/46/22
f 22/46/22 46/45/46 47/47/47 23/48/23
f 23/48/23 47/47/47 48/49/48 24/50/24
f 24/50/24 48/49/48 25/2/25 1/1/1
f 25/2/25 49/51/49 50/52/50 26/3/26
f 26/3/26 50/52/50 51/53/51 27/5/27
f 27/5/27 51/53/51 52/54/52 28/7/28
f 28/7/28 52/54/52 53/55/53 29/9/29
f 29/9/29 53/55/53 54/56/54 30/11/30
f 30/11/30 54/56/54 55/57/55 31/13/31
f 31/13/31 55/57/55 56/58/56 32/15/32
f 32/15/32 56/58/56 57/59/57 33/17/33
f 33/17/33 57/59/57 58/60/58 34/19/34
f 34/19/34 58/60/58 59/61/59 35/21/35
f 35/21/35 59/61/59 60/62/60 36/23/36
f 36/23/36 60/62/60 61/63/61 37/25/37
f 37/28/37 61/64/61 62/65/62 38/29/38
f 38/29/38 62/65/62 63/66/63 39/31/39
f 39/31/39 63/66/63 64/67/64 40/33/40
f 40/33/40 64/67/64 65/68/65 41/35/41
f 41/35/41 65/68/65 66/69/66 42/37/42
f 42/37/42 66/69/66 67/70/67 43/39/43
f 43/39/43 67/70/67 68/71/68 44/41/44
f 44/41/44 68/71/68 69/72/69 45/43/45
f 45/43/45 69/72/69 70/73/70 46/45/46
f 46/45/46 70/73/70 71/74/71 47/47/47
f 47/47/47 71/74/71 72/75/72 48/49/48
f 48/49/48 72/75/72 49/51/49 25/2/25
f 49/51/49 73/76/73 74/77/74 50/52/50
f 50/52/50 74/77/74 75/78/75 51/53/51
f 51/53/51 75/78/75 76/79/76 52/54/52
f 52/54/52 76/79/76 77/80/77 53/55/53
f 53/55/53 77/80/77 78/81/78 54/56/54
f 54/56/54 78/81/78 79/82/79 55/57/55
f 55/57/55 79/82/79 80/83/80 56/58/56
f 56/58/56 80/83/80 81/84/81 57/59/57
f 57/59/57 81/84/81 82/85/82 58/60/58
f 58/60/58 82/85/82 83/86/83 59/61/59
f 59/61/59 83/86/83 84/87/84 60/62/60
f 60/62/60 84/87/84 85/88/85 61/63/61
f 61/64/61 85/89/85 86/90/86 62/65/62
f 62/65/62 86/90/86 87/91/87 63/66/63
f 63/66/63 87/91/87 88/92/88 64/67/64
f 64/67/64 88/92/88 89/93/89 65/68/65
f 65/68/65 89/93/89 90/94/90 66/69/66
f 66/69/66 90/94/90 91/95/91 67/70/67
f 67/70/67 91/95/91 92/96/92 68/71/68
f 68/71/68 92/96/92 93/97/93 69/72/69
f 69/72/69 93/97/93 94/98/94 70/73/70
f 70/73/70 94/98/94 95/99/95 71/74/71
f 71/74/71 95/99/95 96/100/96 72/75/72
f 72/75/72 96/100/96 73/76/73 49/51/49
f 73/76/73 97/101/97 98/102/98 74/77/74
f 74/77/74 98/102/98 99/103/99 75/78/75
f 75/78/75 99/103/99 100/104/100 76/79/76
f 76/79/76 100/104/100 101/105/101 77/80/77
f 77/80/77 101/105/101 102/106/102 78/81/78
f 78/81/78 102/106/102 103/107/103 79/82/79
f 79/82/79 103/107/103 104/108/104 80/83/80
f 80/83/80 104/108/104 105/109/105 81/84/81
f 81/84/81 105/109/105 106/110/106 82/85/82
f 82/85/82 106/110/106 107/111/107 83/86/83
f 83/86/83 107/111/107 108/112/108 84/87/84
f 84/87/84 108/112/108 109/113/109 85/88/85
f 85/89/85 109/114/109 110/115/110 86/90/86
f 86/90/86 110/115/110 111/116/111 87/91/87
f 87/91/87 111/116/111 112/117/112 88/92/88
f 88/92/88 112/117/112 113/118/113 89/93/89
f 89/93/89 113/118/113 114/119/114 90/94/90
f 90/94/90 114/119/114 115/120/115 91/95/91
f 91/95/91 115/120/115 116/121/116 92/96/92
f 92/96/92 116/121/116 117/122/117 93/97/93
f 93/97/93 117/122/117 118/123/118 94/98/94
f 94/98/94 118/123/118 119/124/119 95/99/95
f 95/99/95 119/124/119 120/125/120 96/100/96
f 96/100/96 120/125/120 97/101/97 73/76/73
f 97/101/97 121/126/121 122/127/122 98/102/98
f 98/102/98 122/127/122 123/128/123 99/103/99
f 99/103/99 123/128/123 124/129/124 100/104/100
f 100/104/100 124/129/124 125/130/125 101/105/101
f 101/105/101 125/130/125 126/131/126 102/106/102
f 102/106/102 126/131/126 127/132/127 103/107/103
f 103/107/103 127/132/127 128/133/128 104/108/104
f 104/108/104 128/133/128 129/134/129 105/109/105
f 105/109/105 129/134/129 130/135/130 106/110/106
f 106/110/106 130/135/130 131/136/131 107/111/107
f 107/111/107 131/136/131 132/137/132 108/112/108
f 108/112/108 132/137/132 133/138/133 109/113/109
f 109/114/109 133/139/133 134/140/134 110/115/110
f 110/115/110 134/140/134 135/141/135 111/116/111
f 111/116/111 135/141/135 136/142/136 112/117/112
f 112/117/112 136/142/136 137/143/137 113/118/113
f 113/118/113 137/143/137 138/144/138 114/119/114
f 114/119/114 138/144/138 139/145/139 115/120/115
f 115/120/115 139/145/139 140/146/140 116/121/116
f 116/121/116 140/146/140 141/147/141 117/122/117
f 117/122/117 141/147/141 142/148/142 118/123/118
f 118/123/118 142/148/142 143/149/143 119/124/119
f 119/124/119 143/149/143 144/150/144 120/125/120
f 120/125/120 144/150/144 121/126/121 97/101/97
f 121/126/121 145/151/145 146/152/146 122/127/122
f 122/127/122 146/152/146 147/153/147 123/128/123
f 123/128/123 147/153/147 148/154/148 124/129/124
f 124/129/124 148/154/148 149/155/149 125/130/125
f 125/130/125 149/155/149 150/156/150 126/131/126
f 126/131/126 150/156/150 151/157/151 127/132/127
f 127/132/127 151/157/151 152/158/152 128/133/128
f 128/133/128 152/158/152 153/159/153 129/134/129
f 129/134/129 153/159/153 154/160/154 130/135/130
f 130/135/130 154/160/154 155/161/155 131/136/131
f 131/136/131 155/161/155 156/162/156 132/137/132
f 132/137/132 156/162/156 157/163/157 133/138/133
f 133/139/133 157/164/157 158/165/158 134/140/134
f 134/140/134 158/165/158 159/166/159 135/141/135
f 135/141/135 159/166/159 160/167/160 136/142/136
f 136/142/136 160/167/160 161/168/161 137/143/137
f 137/143/137 161/168/161 162/169/162 138/144/138
f 138/144/138 162/169/162 163/170/163 139/145/139
f 139/145/139 163/170/163 164/171/164 140/146/140
f 140/146/140 164/171/164 165/172/165 141/147/141
f 141/147/141 165/172/165 166/173/166 142/148/142
f 142/148/142 166/173/166 167/174/167 143/149/143
f 143/149/143 167/174/167 168/175/168 144/150/144
f 144/150/144 168/175/168 145/151/145 121/126/121
f 145/151/145 169/176/169 170/177/170 146/152/146
f 146/152/146 170/177/170 171/178/171 147/153/147
f 147/153/147 171/178/171 172/179/172 148/154/148
f 148/154/148 172/179/172 173/180/173 149/155/149
f 149/155/149 173/180/173 174/181/174 150/156/150
f 150/156/150 174/181/174 175/182/175 151/157/151
f 151/157/151 175/182/175 176/183/176 152/158/152
f 152/158/152 176/183/176 177/184/177 153/159/153
f 153/159/153 177/184/177 178/185/178 154/160/154
f 154/160/154 178/185/178 179/186/179 155/161/155
f 155/161/155 179/186/179 180/187/180 156/162/156
f 156/162/156 180/187/180 181/188/181 157/163/157
f 157/164/157 181/189/181 182/190/182 158/165/158
f 158/165/158 182/190/182 183/191/183 159/166/159
f 159/166/159 183/191/183 184/192/184 160/167/160
f 160/167/160 184/192/184 185/193/185 161/168/161
f 161/168/161 185/193/185 186/194/186 162/169/162
f 162/169/162 186/194/186 187/195/187 163/170/163
f 163/170/163 187/195/187 188/196/188 164/171/164
f 164/171/164 188/196/188 189/197/189 165/172/165
f 165/172/165 189/197/189 190/198/190 166/173/166
f 166/173/166 190/198/190 191/199/191 167/174/167
f 167/174/167 191/199/191 192/200/192 168/175/168
f 168/175/168 192/200/192 169/176/169 145/151/145
f 169/176/169 193/201/193 194/202/194 170/177/170
f 170/177/170 194/202/194 195/203/195 171/178/171
f 171/178/171 195/203/195 196/204/196 172/179/172
f 172/179/172 196/204/196 197/205/197 173/180/173
f 173/180/173 197/205/197 198/206/198 174/181/174
f 174/181/174 198/206/198 199/207/199 175/182/175
f 175/182/175 199/207/199 200/208/200 176/183/176
f 176/183/176 200/208/200 201/209/201 177/184/177
f 177/184/177 201/209/201 202/210/202 178/185/178
f 178/185/178 202/210/202 203/211/203 179/186/179
f 179/186/179 203/211/203 204/212/204 180/187/180
f 180/187/180 204/212/204 205/213/205 181/188/181
f 181/189/181 205/214/205 206/215/206 182/190/182
f 182/190/182 206/215/206 207/216/207 183/191/183
f 183/191/183 207/216/207 208/217/208 184/192/184
f 184/192/184 208/217/208 209/218/209 185/193/185
f 185/193/185 209/218/209 210/219/210 186/194/186
f 186/194/186 210/219/210 211/220/211 187/195/187
f 187/195/187 211/220/211 212/221/212 188/196/188
f 188/196/188 212/221/212 213/222/213 189/197/189
f 189/197/189 213/222/213 214/223/214 190/198/190
f 190/198/190 214/223/214 215/224/215 191/199/191
f 191/199/191 215/224/215 216/225/216 192/200/192
f 192/200/192 216/225/216 193/201/193 169/176/169
f 193/201/193 217/226/217 218/227/218 194/202/194
f 194/202/194 218/227/218 219/228/219 195/203/195
f 195/203/195 219/228/219 220/229/220 196/204/196
f 196/204/196 220/229/220 221/230/221 197/205/197
f 197/205/197 221/230/221 222/231/222 198/206/198
f 198/206/198 222/231/222 223/232/223 199/207/199
f 199/207/199 223/232/223 224/233/224 200/208/200
f 200/208/200 224/233/224 225/234/225 201/209/201
f 201/209/201 225/234/225 226/235/226 202/210/202
f 202/210/202 226/235/226 227/236/227 203/211/203
f 203/211/203 227/236/227 228/237/228 204/212/204
f 204/212/204 228/237/228 229/238/229 205/213/205
f 205/214/205 229/239/229 230/240/230 206/215/206
f 206/215/206 230/240/230 231/241/231 207/216/207
f 207/216/207 231/241/231 232/242/232 208/217/208
f 208/217/208 232/242/232 233/243/233 209/218/209
f 209/218/209 233/243/233 234/244/234 210/219/210
f 210/219/210 234/244/234 235/245/235 211/220/211
f 211/220/211 235/245/235 236/246/236 212/221/212
f 212/221/212 236/246/236 237/247/237 213/222/213
f 213/222/213 237/247/237 238/248/238 214/223/214
f 214/223/214 238/248/238 239/249/239 215/224/215
f 215/224/215 239/249/239 240/250/240 216/225/216
f 216/225/216 240/250/240 217/226/217 193/201/193
f 217/226/217 241/251/241 242/252/242 218/227/218
f 218/227/218 242/252/242 243/253/243 219/228/219
f 219/228/219 243/253/243 244/254/244 220/229/220
f 220/229/220 244/254/244 245/255/245 221/230/221
f 221/230/221 245/255/245 246/256/246 222/231/222
f 222/231/222 246/256/246 247/257/247 223/232/223
f 223/232/223 247/257/247 248/258/248 224/233/224
f 224/233/224 248/258/248 249/259/249 225/234/225
f 225/234/225 249/259/249 250/260/250 226/235/226
f 226/235/226 250/260/250 251/261/251 227/236/227
f 227/236/227 251/261/251 252/262/252 228/237/228
f 228/237/228 252/262/252 253/263/253 229/238/229
f 229/239/229 253/264/253 254/265/254 230/240/230
f 230/240/230 254/265/254 255/266/255 231/241/231
f 231/241/231 255/266/255 256/267/256 232/242/232
f 232/242/232 256/267/256 257/268/257 233/243/233
f 233/243/233 257/268/257 258/269/258 234/244/234
f 234/244/234 258/269/258 259/270/259 235/245/235
f 235/245/235 259/270/259 260/271/260 236/246/236
f 236/246/236 260/271/260 261/272/261 237/247/237
f 237/247/237 261/272/261 262/273/262 238/248/238
f 238/248/238 262/273/262 263/274/263 239/249/239
f 239/249/239 263/274/263 264/275/264 240/250/240
f 240/250/240 264/275/264 241/251/241 217/226/217
f 241/251/241 265/276/265 266/277/266 242/252/242
f 242/252/242 266/277/266 267/278/267 243/253/243
f 243/253/243 267/278/267 268/279/268 244/254/244
f 244/254/244 268/279/268 269/280/269 245/255/245
f 245/255/245 269/280/269 270/281/270 246/256/246
f 246/256/246 270/281/270 271/282/271 247/257/247
f 247/257/247 271/282/271 272/283/272 248/258/248
f 248/258/248 272/283/272 273/284/273 249/259/249
f 249/259/249 273/284/273 274/285/274 250/260/250
f 250/260/250 274/285/274 275/286/275 251/261/251
f 251/261/251 275/286/275 276/287/276 252/262/252
f 252/262/252 276/287/276 277/288/277 253/263/253
f 253/264/253 277/289/277 278/290/278 254/265/254
f 254/265/254 278/290/278 279/291/279 255/266/255
f 255/266/255 279/291/279 280/292/280 256/267/256
f 256/267/256 280/292/280 281/293/281 257/268/257
f 257/268/257 281/293/281 282/294/282 258/269/258
f 258/269/258 282/294/282 283/295/283 259/270/259
f 259/270/259 283/295/283 284/296/284 260/271/260
f 260/271/260 284/296/284 285/297/285 261/272/261
f 261/272/261 285/297/285 286/298/286 262/273/262
f 262/273/262 286/298/286 287/299/287 263/274/263
f 263/274/263 287/299/287 288/300/288 264/275/264
f 264/275/264 288/300/288 265/276/265 241/251/241
f 265/276/265 289/301/289 290/302/290 266/277/266
f 266/277/266 290/302/290 291/303/291 267/278/267
f 267/278/267 291/303/291 292/304/292 268/279/268
f 268/279/268 292/304/292 293/305/293 269/280/269
f 269/280/269 293/305/293 294/306/294 270/281/270
f 270/281/270 294/306/294 295/307/295 271/282/271
f 271/282/271 295/307/295 296/308/296 272/283/272
f 272/283/272 296/308/296 297/309/297 273/284/273
f 273/284/273 297/309/297 298/310/298 274/285/274
f 274/285/274 298/310/298 299/311/299 275/286/275
f 275/286/275 299/311/299 300/312/300 276/287/276
f 276/287/276 300/312/300 301/313/301 277/288/277
f 277/289/277 301/314/301 302/315/302 278/290/278
f 278/290/278 302/315/302 303/316/303 279/291/279
f 279/291/279 303/316/303 304/317/304 280/292/280
f 280/292/280 304/317/304 305/318/305 281/293/281
f 281/293/281 305/318/305 306/319/306 282/294/282
f 282/294/282 306/319/306 307/320/307 283/295/283
f 283/295/283 307/320/307 308/321/308 284/296/284
f 284/296/284 308/321/308 309/322/309 285/297/285
f 285/297/285 309/322/309 310/323/310 286/298/286
f 286/298/286 310/323/310 311/324/311 287/299/287
f 287/299/287 311/324/311 312/325/312 288/300/288
f 288/300/288 312/325/312 289/301/289 265/276/265
f 289/301/289 313/326/313 314/327/314 290/302/290
f 290/302/290 314/327/314 315/328/315 291/303/291
f 291/303/291 315/328/315 316/329/316 292/304/292
f 292/304/292 316/329/316 317/330/317 293/305/293
f 293/305/293 317/330/317 318/331/318 294/306/294
f 294/306/294 318/331/318 319/332/319 295/307/295
f 295/307/295 319/332/319 320/333/320 296/308/296
f 296/308/296 320/333/320 321/334/321 297/309/297
f 297/309/297 321/334/321 322/335/322 298/310/298
f 298/310/298 322/335/322 323/336/323 299/311/299
f 299/311/299 323/336/323 324/337/324 300/312/300
f 300/312/300 324/337/324 325/338/325 301/313/301
f 301/314/301 325/339/325 326/340/326 302/315/302
f 302/315/302 326/340/326 327/341/327 303/316/303
f 303/316/303 327/341/327 328/342/328 304/317/304
f 304/317/304 328/342/328 329/343/329 305/318/305
f 305/318/305 329/343/329 330/344/330 306/319/306
f 306/319/306 330/344/330 331/345/331 307/320/307
f 307/320/307 331/345/331 332/346/332 308/321/308
f 308/321/308 332/346/332 333/347/333 309/322/309
f 309/322/309 333/347/333 334/348/334 310/323/310
f 310/323/310 334/348/334 335/349/335 311/324/311
f 311/324/311 335/349/335 336/350/336 312/325/312
f 312/325/312 336/350/336 313/326/313 289/301/289
f 313/326/313 337/351/337 338/352/338 314/327/314
f 314/327/314 338/352/338 339/353/339 315/328/315
f 315/328/315 339/353/339 340/354/340 316/329/316
f 316/329/316 340/354/340 341/355/341 317/330/317
f 317/330/317 341/355/341 342/356/342 318/331/318
f 318/331/318 342/356/342 343/357/343 319/332/319
f 319/332/319 343/357/343 344/358/344 320/333/320
f 320/333/320 344/358/344 345/359/345 321/334/321
f 321/334/321 345/359/345 346/360/346 322/335/322
f 322/335/322 346/360/346 347/361/347 323/336/323
f 323/336/323 347/361/347 348/362/348 324/337/324
f 324/337/324 348/362/348 349/363/349 325/338/325
f 325/339/325 349/364/349 350/365/350 326/340/326
f 326/340/326 350/365/350 351/366/351 327/341/327
f 327/341/327 351/366/351 352/367/352 328/342/328
f 328/342/328 352/367/352 353/368/353 329/343/329
f 329/343/329 353/368/353 354/369/354 330/344/330
f 330/344/330 354/369/354 355/370/355 331/345/331
f 331/345/331 355/370/355 356/371/356 332/346/332
f 332/346/332 356/371/356 357/372/357 333/347/333
f 333/347/333 357/372/357 358/373/358 334/348/334
f 334/348/334 358/373/358 359/374/359 335/349/335
f 335/349/335 359/374/359 360/375/360 336/350/336
f 336/350/336 360/375/360 337/351/337 313/326/313
f 337/351/337 361/376/361 362/377/362 338/352/338
f 338/352/338 362/377/362 363/378/363 339/353/339
f 339/353/339 363/378/363 364/379/364 340/354/340
f 340/354/340 364/379/364 365/380/365 341/355/341
f 341/355/341 365/380/365 366/381/366 342/356/342
f 342/356/342 366/381/366 367/382/367 343/357/343
f 343/357/343 367/382/367 368/383/368 344/358/344
f 344/358/344 368/383/368 369/384/369 345/359/345
f 345/359/345 369/384/369 370/385/370 346/360/346
f 346/360/346 370/385/370 371/386/371 347/361/347
f 347/361/347 371/386/371 372/387/372 348/362/348
f 348/362/348 372/387/372 373/388/373 349/363/349
f 349/364/349 373/389/373 374/390/374 350/365/350
f 350/365/350 374/390/374 375/391/375 351/366/351
f 351/366/351 375/391/375 376/392/376 352/367/352
f 352/367/352 376/392/376 377/393/377 353/368/353
f 353/368/353 377/393/377 378/394/378 354/369/354
f 354/369/354 378/394/378 379/395/379 355/370/355
f 355/370/355 379/395/379 380/396/380 356/371/356
f 356/371/356 380/396/380 381/397/381 357/372/357
f 357/372/357 381/397/381 382/398/382 358/373/358
f 358/373/358 382/398/382 383/399/383 359/374/359
f 359/374/359 383/399/383 384/400/384 360/375/360
f 360/375/360 384/400/384 361/376/361 337/351/337
f 361/376/361 385/401/385 386/402/386 362/377/362
f 362/377/362 386/402/386 387/403/387 363/378/363
f 363/378/363 387/403/387 388/404/388 364/379/364
f 364/379/364 388/404/388 389/405/389 365/380/365
f 365/380/365 389/405/389 390/406/390 366/381/366
f 366/381/366 390/406/390 391/407/391 367/382/367
f 367/382/367 391/407/391 392/408/392 368/383/368
f 368/383/368 392/408/392 393/409/393 369/384/369
f 369/384/369 393/409/393 394/410/394 370/385/370
f 370/385/370 394/410/394 395/411/395 371/386/371
f 371/386/371 395/411/395 396/412/396 372/387/372
f 372/387/372 396/412/396 397/413/397 373/388/373
f 373/389/373 397/414/397 398/415/398 374/390/374
f 374/390/374 398/415/398 399/416/399 375/391/375
f 375/391/375 399/416/399 400/417/400 376/392/376
f 376/392/376 400/417/400 401/418/401 377/393/377
f 377/393/377 401/418/401 402/419/402 378/394/378
f 378/394/378 402/419/402 403/420/403 379/395/379
f 379/395/379 403/420/403 404/421/404 380/396/380
f 380/396/380 404/421/404 405/422/405 381/397/381
f 381/397/381 405/422/405 406/423/406 382/398/382
f 382/398/382 406/423/406 407/424/407 383/399/383
f 383/399/383 407/424/407 408/425/408 384/400/384
f 384/400/384 408/425/408 385/401/385 361/376/361
f 385/401/385 409/426/409 410/427/410 386/402/386
f 386/402/386 410/427/410 411/428/411 387/403/387
f 387/403/387 411/428/411 412/429/412 388/404/388
f 388/404/388 412/429/412 413/430/413 389/405/389
f 389/405/389 413/430/413 414/431/414 390/406/390
f 390/406/390 414/431/414 415/432/415 391/407/391
f 391/407/391 415/432/415 416/433/416 392/408/392
f 392/408/392 416/433/416 417/434/417 393/409/393
f 393/409/393 417/434/417 418/435/418 394/410/394
f 394/410/394 418/435/418 419/436/419 395/411/395
f 395/411/395 419/436/419 420/437/420 396/412/396
f 396/412/396 420/437/420 421/438/421 397/413/397
f 397/414/397 421/439/421 422/440/422 398/415/398
f 398/415/398 422/440/422 423/441/423 399/416/399
f 399/416/399 423/441/423 424/442/424 400/417/400
f 400/417/400 424/442/424 425/443/425 401/418/401
f 401/418/401 425/443/425 426/444/426 402/419/402
f 402/419/402 426/444/426 427/445/427 403/420/403
f 403/420/403 427/445/427 428/446/428 404/421/404
f 404/421/404 428/446/428 429/447/429 405/422/405
f 405/422/405 429/447/429 430/448/430 406/423/406
f 406/423/406 430/448/430 431/449/431 407/424/407
f 407/424/407 431/449/431 432/450/432 408/425/408
f 408/425/408 432/450/432 409/426/409 385/401/385
f 409/426/409 433/451/433 434/452/434 410/427/410
f 410/427/410 434/452/434 435/453/435 411/428/411
f 411/428/411 435/453/435 436/454/436 412/429/412
f 412/429/412 436/454/436 437/455/437 413/430/413
f 413/430/413 437/455/437 438/456/438 414/431/414
f 414/431/414 438/456/438 439/457/439 415/432/415
f 415/432/415 439/457/439 440/458/440 416/433/416
f 416/433/416 440/458/440 441/459/441 417/434/417
f 417/434/417 441/459/441 442/460/442 418/435/418
f 418/435/418 442/460/442 443/461/443 419/436/419
f 419/436/419 443/461/443 444/462/444 420/437/420
f 420/437/420 444/462/444 445/463/445 421/438/421
f 421/439/421 445/464/445 446/465/446 422/440/422
f 422/440/422 446/465/446 447/466/447 423/441/423
f 423/441/423 447/466/447 448/467/448 424/442/424
f 424/442/424 448/467/448 449/468/449 425/443/425
f 425/443/425 449/468/449 450/469/450 426/444/426
f 426/444/426 450/469/450 451/470/451 427/445/427
f 427/445/427 451/470/451 452/471/452 428/446/428
f 428/446/428 452/471/452 453/472/453 429/447/429
f 429/447/429 453/472/453 454/473/454 430/448/430
f 430/448/430 454/473/454 455/474/455 431/449/431
f 431/449/431 455/474/455 456/475/456 432/450/432
f 432/450/432 456/475/456 433/451/433 409/426/409
f 433/451/433 457/476/457 458/477/458 434/452/434
f 434/452/434 458/477/458 459/478/459 435/453/435
f 435/453/435 459/478/459 460/479/460 436/454/436
f 436/454/436 460/479/460 461/480/461 437/455/437
f 437/455/437 461/480/461 462/481/462 438/456/438
f 438/456/438 462/481/462 463/482/463 439/457/439
f 439/457/439 463/482/463 464/483/464 440/458/440
f 440/458/440 464/483/464 465/484/465 441/459/441
f 441/459/441 465/484/465 466/485/466 442/460/442
f 442/460/442 466/485/466 467/486/467 443/461/443
f 443/461/443 467/486/467 468/487/468 444/462/444
f 444/462/444 468/487/468 469/488/469 445/463/445
f 445/464/445 469/489/469 470/490/470 446/465/446
f 446/465/446 470/490/470 471/491/471 447/466/447
f 447/466/447 471/491/471 472/492/472 448/467/448
f 448/467/448 472/492/472 473/493/473 449/468/449
f 449/468/449 473/493/473 474/494/474 450/469/450
f 450/469/450 474/494/474 475/495/475 451/470/451
f 451/470/451 475/495/475 476/496/476 452/471/452
f 452/471/452 476/496/476 477/497/477 453/472/453
f 453/472/453 477/497/477 478/498/478 454/473/454
f 454/473/454 478/498/478 479/499/479 455/474/455
f 455/474/455 479/499/479 480/500/480 456/475/456
f 456/475/456 480/500/480 457/476/457 433/451/433
f 457/476/457 481/501/481 482/502/482 458/477/458
f 458/477/458 482/502/482 483/503/483 459/478/459
f 459/478/459 483/503/483 484/504/484 460/479/460
f 460/479/460 484/504/484 485/505/485 461/480/461
f 461/480/461 485/505/485 486/506/486 462/481/462
f 462/481/462 486/506/486 487/507/487 463/482/463
f 463/482/463 487/507/487 488/508/488 464/483/464
f 464/483/464 488/508/488 489/509/489 465/484/465
f 465/484/465 489/509/489 490/510/490 466/485/466
f 466/485/466 490/510/490 491/511/491 467/486/467
f 467/486/467 491/511/491 492/512/492 468/487/468
f 468/487/468 492/512/492 493/513/493 469/488/469
f 469/489/469 493/514/493 494/515/494 470/490/470
f 470/490/470 494/515/494 495/516/495 471/491/471
f 471/491/471 495/516/495 496/517/496 472/492/472
f 472/492/472 496/517/496 497/518/497 473/493/473
f 473/493/473 497/518/497 498/519/498 474/494/474
f 474/494/474 498/519/498 499/520/499 475/495/475
f 475/495/475 499/520/499 500/521/500 476/496/476
f 476/496/476 500/521/500 501/522/501 477/497/477
f 477/497/477 501/522/501 502/523/502 478/498/478
f 478/498/478 502/523/502 503/524/503 479/499/479
f 479/499/479 503/524/503 504/525/504 480/500/480
f 480/500/480 504/525/504 481/501/481 457/476/457
f 481/501/481 505/526/505 506/527/506 482/502/482
f 482/502/482 506/527/506 507/528/507 483/503/483
f 483/503/483 507/528/507 508/529/508 484/504/484
f 484/504/484 508/529/508 509/530/509 485/505/485
f 485/505/485 509/530/509 510/531/510 486/506/486
f 486/506/486 510/531/510 511/532/511 487/507/487
f 487/507/487 511/532/511 512/533/512 488/508/488
f 488/508/488 512/533/512 513/534/513 489/509/489
f 489/509/489 513/534/513 514/535/514 490/510/490
f 490/510/490 514/535/514 515/536/515 491/511/491
f 491/511/491 515/536/515 516/537/516 492/512/492
f 492/512/492 516/537/516 517/538/517 493/513/493
f 493/514/493 517/539/517 518/540/518 494/515/494
f 494/515/494 518/540/518 519/541/519 495/516/495
f 495/516/495 519/541/519 520/542/520 496/517/496
f 496/517/496 520/542/520 521/543/521 497/518/497
f 497/518/497 521/543/521 522/544/522 498/519/498
f 498/519/498 522/544/522 523/545/523 499/520/499
f 499/520/499 523/545/523 524/546/524 500/521/500
f 500/521/500 524/546/524 525/547/525 501/522/501
f 501/522/501 525/547/525 526/548/526 502/523/502
f 502/523/502 526/548/526 527/549/527 503/524/503
f 503/524/503 527/549/527 528/550/528 504/525/504
f 504/525/504 528/550/528 505/526/505 481/501/481
f 505/526/505 529/551/529 530/552/530 506/527/506
f 506/527/506 530/552/530 531/553/531 507/528/507
f 507/528/507 531/553/531 532/554/532 508/529/508
f 508/529/508 532/554/532 533/555/533 509/530/509
f 509/530/509 533/555/533 534/556/534 510/531/510
f 510/531/510 534/556/534 535/557/535 511/532/511
f 511/532/511 535/557/535 536/558/536 512/533/512
f 512/533/512 536/558/536 537/559/537 513/534/513
f 513/534/513 537/559/537 538/560/538 514/535/514
f 514/535/514 538/560/538 539/561/539 515/536/515
f 515/536/515 539/561/539 540/562/540 516/537/516
f 516/537/516 540/562/540 541/563/541 517/538/517
f 517/539/517 541/564/541 542/565/542 518/540/518
f 518/540/518 542/565/542 543/566/543 519/541/519
f 519/541/519 543/566/543 544/567/544 520/542/520
f 520/542/520 544/567/544 545/568/545 521/543/521
f 521/543/521 545/568/545 546/569/546 522/544/522
f 522/544/522 546/569/546 547/570/547 523/545/523
f 523/545/523 547/570/547 548/571/548 524/546/524
f 524/546/524 548/571/548 549/572/549 525/547/525
f 525/547/525 549/572/549 550/573/550 526/548/526
f 526/548/526 550/573/550 551/574/551 527/549/527
f 527/549/527 551/574/551 552/575/552 528/550/528
f 528/550/528 552/575/552 529/551/529 505/526/505
f 529/551/529 553/576/553 554/577/554 530/552/530
f 530/552/530 554/577/554 555/578/555 531/553/531
f 531/553/531 555/578/555 556/579/556 532/554/532
f 532/554/532 556/579/556 557/580/557 533/555/533
f 533/555/533 557/580/557 558/581/558 534/556/534
f 534/556/534 558/581/558 559/582/559 535/557/535
f 535/557/535 559/582/559 560/583/560 536/558/536
f 536/558/536 560/583/560 561/584/561 537/559/537
f 537/559/537 561/584/561 562/585/562 538/560/538
f 538/560/538 562/585/562 563/586/563 539/561/539
f 539/561/539 563/586/563 564/587/564 540/562/540
f 540/562/540 564/587/564 565/588/565 541/563/541
f 541/564/541 565/589/565 566/590/566 542/565/542
f 542/565/542 566/590/566 567/591/567 543/566/543
f 543/566/543 567/591/567 568/592/568 544/567/544
f 544/567/544 568/592/568 569/593/569 545/568/545
f 545/568/545 569/593/569 570/594/570 546/569/546
f 546/569/546 570/594/570 571/595/571 547/570/547
f 547/570/547 571/595/571 572/596/572 548/571/548
f 548/571/548 572/596/572 573/597/573 549/572/549
f 549/572/549 573/597/573 574/598/574 550/573/550
f 550/573/550 574/598/574 575/599/575 551/574/551
f 551/574/551 575/599/575 576/600/576 552/575/552
f 552/575/552 576/600/576 553/576/553 529/551/529
f 553/576/553 577/601/13 578/602/577 554/577/554
f 554/577/554 578/602/577 579/603/578 555/578/555
f 555/578/555 579/603/578 580/604/579 556/579/556
f 556/579/556 580/604/579 581/605/580 557/580/557
f 557/580/557 581/605/580 582/606/581 558/581/558
f 558/581/558 582/606/581 583/607/582 559/582/559
f 559/582/559 583/607/582 584/608/583 560/583/560
f 560/583/560 584/608/583 585/609/584 561/584/561
f 561/584/561 585/609/584 586/610/585 562/585/562
f 562/585/562 586/610/585 587/611/586 563/586/563
f 563/586/563 587/611/586 588/612/587 564/587/564
f 564/587/564 588/612/587 589/613/1 565/588/565
f 565/589/565 589/614/1 590/615/588 566/590/566
f 566/590/566 590/615/588 591/616/589 567/591/567
f 567/591/567 591/616/589 592/617/590 568/592/568
f 568/592/568 592/617/590 593/618/591 569/593/569
f 569/593/569 593/618/591 594/619/592 570/594/570
f 570/594/570 594/619/592 595/620/593 571/595/571
f 571/595/571 595/620/593 596/621/594 572/596/572
f 572/596/572 596/621/594 597/622/595 573/597/573
f 573/597/573 597/622/595 598/623/596 574/598/574
f 574/598/574 598/623/596 599/624/597 575/599/575
f 575/599/575 599/624/597 600/625/598 576/600/576
f 576/600/576 600/625/598 577/601/13 553/576/553
f 577/626/13 601/627/37 602/628/599 578/629/577
f 578/629/577 602/628/599 603/630/600 579/631/578
f 579/631/578 603/630/600 604/632/601 580/633/579
f 580/633/579 604/632/601 605/634/602 581/635/580
f 581/635/580 605/634/602 606/636/603 582/637/581
f 582/637/581 606/636/603 607/638/604 583/639/582
f 583/639/582 607/638/604 608/640/605 584/641/583
f 584/641/583 608/640/605 609/642/606 585/643/584
f 585/643/584 609/642/606 610/644/607 586/645/585
f 586/645/585 610/644/607 611/646/608 587/647/586
f 587/647/586 611/646/608 612/648/609 588/649/587
f 588/649/587 612/648/609 613/650/25 589/651/1
f 589/652/1 613/653/25 614/654/610 590/655/588
f 590/655/588 614/654/610 615/656/611 591/657/589
f 591/657/589 615/656/611 616/658/612 592/659/590
f 592/659/590 616/658/612 617/660/613 593/661/591
f 593/661/591 617/660/613 618/662/614 594/663/592
f 594/663/592 618/662/614 619/664/615 595/665/593
f 595/665/593 619/664/615 620/666/616 596/667/594
f 596/667/594 620/666/616 621/668/617 597/669/595
f 597/669/595 621/668/617 622/670/618 598/671/596
f 598/671/596 622/670/618 623/672/619 599/673/597
f 599/673/597 623/672/619 624/674/620 600/675/598
f 600/675/598 624/674/620 601/627/37 577/626/13
f 601/627/37 625/676/61 626/677/621 602/628/599
f 602/628/599 626/677/621 627/678/622 603/630/600
f 603/630/600 627/678/622 628/679/623 604/632/601
f 604/632/601 628/679/623 629/680/624 605/634/602
f 605/634/602 629/680/624 630/681/625 606/636/603
f 606/636/603 630/681/625 631/682/626 607/638/604
f 607/638/604 631/682/626 632/683/627 608/640/605
f 608/640/605 632/683/627 633/684/628 609/642/606
f 609/642/606 633/684/628 634/685/629 610/644/607
f 610/644/607 634/685/629 635/686/630 611/646/608
f 611/646/608 635/686/630 636/687/631 612/648/609
f 612/648/609 636/687/631 637/688/49 613/650/25
f 613/653/25 637/689/49 638/690/632 614/654/610
f 614/654/610 638/690/632 639/691/633 615/656/611
f 615/656/611 639/691/633 640/692/634 616/658/612
f 616/658/612 640/692/634 641/693/635 617/660/613
f 617/660/613 641/693/635 642/694/636 618/662/614
f 618/662/614 642/694/636 643/695/637 619/664/615
f 619/664/615 643/695/637 644/696/638 620/666/616
f 620/666/616 644/696/638 645/697/639 621/668/617
f 621/668/617 645/697/639 646/698/640 622/670/618
f 622/670/618 646/698/640 647/699/641 623/672/619
f 623/672/619 647/699/641 648/700/642 624/674/620
f 624/674/620 648/700/642 625/676/61 601/627/37
f 625/676/61 649/701/85 650/702/643 626/677/621
f 626/677/621 650/702/643 651/703/644 627/678/622
f 627/678/622 651/703/644 652/704/645 628/679/623
f 628/679/623 652/704/645 653/705/646 629/680/624
f 629/680/624 653/705/646 654/706/647 630/681/625
f 630/681/625 654/706/647 655/707/648 631/682/626
f 631/682/626 655/707/648 656/708/649 632/683/627
f 632/683/627 656/708/649 657/709/650 633/684/628
f 633/684/628 657/709/650 658/710/651 634/685/629
f 634/685/629 658/710/651 659/711/652 635/686/630
f 635/686/630 659/711/652 660/712/653 636/687/631
f 636/687/631 660/712/653 661/713/73 637/688/49
f 637/689/49 661/714/73 662/715/654 638/690/632
f 638/690/632 662/715/654 663/716/655 639/691/633
f 639/691/633 663/716/655 664/717/656 640/692/634
f 640/692/634 664/717/656 665/718/657 641/693/635
f 641/693/635 665/718/657 666/719/658 642/694/636
f 642/694/636 666/719/658 667/720/659 643/695/637
f 643/695/637 667/720/659 668/721/660 644/696/638
f 644/696/638 668/721/660 669/722/661 645/697/639
f 645/697/639 669/722/661 670/723/662 646/698/640
f 646/698/640 670/723/662 671/724/663 647/699/641
f 647/699/641 671/724/663 672/725/664 648/700/642
f 648/700/642 672/725/664 649/701/85 625/676/61
f 649/701/85 673/726/109 674/727/665 650/702/643
f 650/702/643 674/727/665 675/728/666 651/703/644
f 651/703/644 675/728/666 676/729/667 652/704/645
f 652/704/645 676/729/667 677/730/668 653/705/646
f 653/705/646 677/730/668 678/731/669 654/706/647
f 654/706/647 678/731/669 679/732/670 655/707/648
f 655/707/648 679/732/670 680/733/671 656/708/649
f 656/708/649 680/733/671 681/734/672 657/709/650
f 657/709/650 681/734/672 682/735/673 658/710/651
f 658/710/651 682/735/673 683/736/674 659/711/652
f 659/711/652 683/736/674 684/737/675 660/712/653
f 660/712/653 684/737/675 685/738/97 661/713/73
f 661/714/73 685/739/97 686/740/676 662/715/654
f 662/715/654 686/740/676 687/741/677 663/716/655
f 663/716/655 687/741/677 688/742/678 664/717/656
f 664/717/656 688/742/678 689/743/679 665/718/657
f 665/718/657 689/743/679 690/744/680 666/719/658
f 666/719/658 690/744/680 691/745/681 667/720/659
f 667/720/659 691/745/681 692/746/682 668/721/660
f 668/721/660 692/746/682 693/747/683 669/722/661
f 669/722/661 693/747/683 694/748/684 670/723/662
f 670/723/662 694/748/684 695/749/685 671/724/663
f 671/724/663 695/749/685 696/750/686 672/725/664
f 672/725/664 696/750/686 673/726/109 649/701/85
f 673/726/109 697/751/133 698/752/687 674/727/665
f 674/727/665 698/752/687 699/753/688 675/728/666
f 675/728/666 699/753/688 700/754/689 676/729/667
f 676/729/667 700/754/689 701/755/690 677/730/668
f 677/730/668 701/755/690 702/756/691 678/731/669
f 678/731/669 702/756/691 703/757/692 679/732/670
f 679/732/670 703/757/692 704/758/693 680/733/671
f 680/733/671 704/758/693 705/759/694 681/734/672
f 681/734/672 705/759/694 706/760/695 682/735/673
f 682/735/673 706/760/695 707/761/696 683/736/674
f 683/736/674 707/761/696 708/762/697 684/737/675
f 684/737/675 708/762/697 709/763/121 685/738/97
f 685/739/97 709/764/121 710/765/698 686/740/676
f 686/740/676 710/765/698 711/766/699 687/741/677
f 687/741/677 711/766/699 712/767/700 688/742/678
f 688/742/678 712/767/700 713/768/701 689/743/679
f 689/743/679 713/768/701 714/769/702 690/744/680
f 690/744/680 714/769/702 715/770/703 691/745/681
f 691/745/681 715/770/703 716/771/704 692/746/682
f 692/746/682 716/771/704 717/772/705 693/747/683
f 693/747/683 717/772/705 718/773/706 694/748/684
f 694/748/684 718/773/706 719/774/707 695/749/685
f 695/749/685 719/774/707 720/775/708 696/750/686
f 696/750/686 720/775/708 697/751/133 673/726/109
f 697/751/133 721/776/157 722/777/709 698/752/687
f 698/752/687 722/777/709 723/778/710 699/753/688
f 699/753/688 723/778/710 724/779/711 700/754/689
f 700/754/689 724/779/711 725/780/712 701/755/690
f 701/755/690 725/780/712 726/781/713 702/756/691
f 702/756/691 726/781/713 727/782/714 703/757/692
f 703/757/692 727/782/714 728/783/715 704/758/693
f 704/758/693 728/783/715 729/784/716 705/759/694
f 705/759/694 729/784/716 730/785/717 706/760/695
f 706/760/695 730/785/717 731/786/718 707/761/696
f 707/761/696 731/786/718 732/787/719 708/762/697
f 708/762/697 732/787/719 733/788/145 709/763/121
f 709/764/121 733/789/145 734/790/720 710/765/698
f 710/765/698 734/790/720 735/791/721 711/766/699
f 711/766/699 735/791/721 736/792/722 712/767/700
f 712/767/700 736/792/722 737/793/723 713/768/701
f 713/768/701 737/793/723 738/794/724 714/769/702
f 714/769/702 738/794/724 739/795/725 715/770/703
f 715/770/703 739/795/725 740/796/726 716/771/704
f 716/771/704 740/796/726 741/797/727 717/772/705
f 717/772/705 741/797/727 742/798/728 718/773/706
f 718/773/706 742/798/728 743/799/729 719/774/707
f 719/774/707 743/799/729 744/800/730 720/775/708
f 720/775/708 744/800/730 721/776/157 697/751/133
f 721/776/157 745/801/181 746/802/731 722/777/709
f 722/777/709 746/802/731 747/803/732 723/778/710
f 723/778/710 747/803/732 748/804/733 724/779/711
f 724/779/711 748/804/733 749/805/734 725/780/712
f 725/780/712 749/805/734 750/806/735 726/781/713
f 726/781/713 750/806/735 751/807/736 727/782/714
f 727/782/714 751/807/736 752/808/737 728/783/715
f 728/783/715 752/808/737 753/809/738 729/784/716
f 729/784/716 753/809/738 754/810/739 730/785/717
f 730/785/717 754/810/739 755/811/740 731/786/718
f 731/786/718 755/811/740 756/812/741 732/787/719
f 732/787/719 756/812/741 757/813/169 733/788/145
f 733/789/145 757/814/169 758/815/742 734/790/720
f 734/790/720 758/815/742 759/816/743 735/791/721
f 735/791/721 759/816/743 760/817/744 736/792/722
f 736/792/722 760/817/744 761/818/745 737/793/723
f 737/793/723 761/818/745 762/819/746 738/794/724
f 738/794/724 762/819/746 763/820/747 739/795/725
f 739/795/725 763/820/747 764/821/748 740/796/726
f 740/796/726 764/821/748 765/822/749 741/797/727
f 741/797/727 765/822/749 766/823/750 742/798/728
f 742/798/728 766/823/750 767/824/751 743/799/729
f 743/799/729 767/824/751 768/825/752 744/800/730
f 744/800/730 768/825/752 745/801/181 721/776/157
f 745/801/181 769/826/205 770/827/753 746/802/731
f 746/802/731 770/827/753 771/828/754 747/803/732
f 747/803/732 771/828/754 772/829/755 748/804/733
f 748/804/733 772/829/755 773/830/756 749/805/734
f 749/805/734 773/830/756 774/831/757 750/806/735
f 750/806/735 774/831/757 775/832/758 751/807/736
f 751/807/736 775/832/758 776/833/759 752/808/737
f 752/808/737 776/833/759 777/834/760 753/809/738
f 753/809/738 777/834/760 778/835/761 754/810/739
f 754/810/739 778/835/761 779/836/762 755/811/740
f 755/811/740 779/836/762 780/837/763 756/812/741
f 756/812/741 780/837/763 781/838/193 757/813/169
f 757/814/169 781/839/193 782/840/764 758/815/742
f 758/815/742 782/840/764 783/841/765 759/816/743
f 759/816/743 783/841/765 784/842/766 760/817/744
f 760/817/744 784/842/766 785/843/767 761/818/745
f 761/818/745 785/843/767 786/844/768 762/819/746
f 762/819/746 786/844/768 787/845/769 763/820/747
f 763/820/747 787/845/769 788/846/770 764/821/748
f 764/821/748 788/846/770 789/847/771 765/822/749
f 765/822/749 789/847/771 790/848/772 766/823/750
f 766/823/750 790/848/772 791/849/773 767/824/751
f 767/824/751 791/849/773 792/850/774 768/825/752
f 768/825/752 792/850/774 769/826/205 745/801/181
f 769/826/205 793/851/229 794/852/775 770/827/753
f 770/827/753 794/852/775 795/853/776 771/828/754
f 771/828/754 795/853/776 796/854/777 772/829/755
f 772/829/755 796/854/777 797/855/778 773/830/756
f 773/830/756 797/855/778 798/856/779 774/831/757
f 774/831/757 798/856/779 799/857/780 775/832/758
f 775/832/758 799/857/780 800/858/781 776/833/759
f 776/833/759 800/858/781 801/859/782 777/834/760
f 777/834/760 801/859/782 802/860/783 778/835/761
f 778/835/761 802/860/783 803/861/784 779/836/762
f 779/836/762 803/861/784 804/862/785 780/837/763
f 780/837/763 804/862/785 805/863/217 781/838/193
f 781/839/193 805/864/217 806/865/786 782/840/764
f 782/840/764 806/865/786 807/866/787 783/841/765
f 783/841/765 807/866/787 808/867/788 784/842/766
f 784/842/766 808/867/788 809/868/789 785/843/767
f 785/843/767 809/868/789 810/869/790 786/844/768
f 786/844/768 810/869/790 811/870/791 787/845/769
f 787/845/769 811/870/791 812/871/792 788/846/770
f 788/846/770 812/871/792 813/872/793 789/847/771
f 789/847/771 813/872/793 814/873/794 790/848/772
f 790/848/772 814/873/794 815/874/795 791/849/773
f 791/849/773 815/874/795 816/875/796 792/850/774
f 792/850/774 816/875/796 793/851/229 769/826/205
f 793/851/229 817/876/253 818/877/797 794/852/775
f 794/852/775 818/877/797 819/878/798 795/853/776
f 795/853/776 819/878/798 820/879/799 796/854/777
f 796/854/777 820/879/799 821/880/800 797/855/778
f 797/855/778 821/880/800 822/881/801 798/856/779
f 798/856/779 822/881/801 823/882/802 799/857/780
f 799/857/780 823/882/802 824/883/803 800/858/781
f 800/858/781 824/883/803 825/884/804 801/859/782
f 801/859/782 825/884/804 826/885/805 802/860/783
f 802/860/783 826/885/805 827/886/806 803/861/784
f 803/861/784 827/886/806 828/887/807 804/862/785
f 804/862/785 828/887/807 829/888/241 805/863/217
f 805/864/217 829/889/241 830/890/808 806/865/786
f 806/865/786 830/890/808 831/891/809 807/866/787
f 807/866/787 831/891/809 832/892/810 808/867/788
f 808/867/788 832/892/810 833/893/811 809/868/789
f 809/868/789 833/893/811 834/894/812 810/869/790
f 810/869/790 834/894/812 835/895/813 811/870/791
f 811/870/791 835/895/813 836/896/814 812/871/792
f 812/871/792 836/896/814 837/897/815 813/872/793
f 813/872/793 837/897/815 838/898/816 814/873/794
f 814/873/794 838/898/816 839/899/817 815/874/795
f 815/874/795 839/899/817 840/900/818 816/875/796
f 816/875/796 840/900/818 817/876/253 793/851/229
f 817/876/253 841/901/277 842/902/819 818/877/797
f 818/877/797 842/902/819 843/903/820 819/878/798
f 819/878/798 843/903/820 844/904/821 820/879/799
f 820/879/799 844/904/821 845/905/822 821/880/800
f 821/880/800 845/905/822 846/906/823 822/881/801
f 822/881/801 846/906/823 847/907/824 823/882/802
f 823/882/802 847/907/824 848/908/825 824/883/803
f 824/883/803 848/908/825 849/909/826 825/884/804
f 825/884/804 849/909/826 850/910/827 826/885/805
f 826/885/805 850/910/827 851/911/828 827/886/806
f 827/886/806 851/911/828 852/912/829 828/887/807
f 828/887/807 852/912/829 853/913/265 829/888/241
f 829/889/241 853/914/265 854/915/830 830/890/808
f 830/890/808 854/915/830 855/916/831 831/891/809
f 831/891/809 855/916/831 856/917/832 832/892/810
f 832/892/810 856/917/832 857/918/833 833/893/811
f 833/893/811 857/918/833 858/919/834 834/894/812
f 834/894/812 858/919/834 859/920/835 835/895/813
f 835/895/813 859/920/835 860/921/836 836/896/814
f 836/896/814 860/921/836 861/922/837 837/897/815
f 837/897/815 861/922/837 862/923/838 838/898/816
f 838/898/816 862/923/838 863/924/839 839/899/817
f 839/899/817 863/924/839 864/925/840 840/900/818
f 840/900/818 864/925/840 841/901/277 817/876/253
f 841/901/277 865/926/301 866/927/841 842/902/819
f 842/902/819 866/927/841 867/928/842 843/903/820
f 843/903/820 867/928/842 868/929/843 844/904/821
f 844/904/821 868/929/843 869/930/844 845/905/822
f 845/905/822 869/930/844 870/931/845 846/906/823
f 846/906/823 870/931/845 871/932/846 847/907/824
f 847/907/824 871/932/846 872/933/847 848/908/825
f 848/908/825 872/933/847 873/934/848 849/909/826
f 849/909/826 873/934/848 874/935/849 850/910/827
f 850/910/827 874/935/849 875/936/850 851/911/828
f 851/911/828 875/936/850 876/937/851 852/912/829
f 852/912/829 876/937/851 877/938/289 853/913/265
f 853/914/265 877/939/289 878/940/852 854/915/830
f 854/915/830 878/940/852 879/941/853 855/916/831
f 855/916/831 879/941/853 880/942/854 856/917/832
f 856/917/832 880/942/854 881/943/855 857/918/833
f 857/918/833 881/943/855 882/944/856 858/919/834
f 858/919/834 882/944/856 883/945/857 859/920/835
f 859/920/835 883/945/857 884/946/858 860/921/836
f 860/921/836 884/946/858 885/947/859 861/922/837
f 861/922/837 885/947/859 886/948/860 862/923/838
f 862/923/838 886/948/860 887/949/861 863/924/839
f 863/924/839 887/949/861 888/950/862 864/925/840
f 864/925/840 888/950/862 865/926/301 841/901/277
f 865/926/301 889/951/325 890/952/863 866/927/841
f 866/927/841 890/952/863 891/953/864 867/928/842
f 867/928/842 891/953/864 892/954/865 868/929/843
f 868/929/843 892/954/865 893/955/866 869/930/844
f 869/930/844 893/955/866 894/956/867 870/931/845
f 870/931/845 894/956/867 895/957/868 871/932/846
f 871/932/846 895/957/868 896/958/869 872/933/847
f 872/933/847 896/958/869 897/959/870 873/934/848
f 873/934/848 897/959/870 898/960/871 874/935/849
f 874/935/849 898/960/871 899/961/872 875/936/850
f 875/936/850 899/961/872 900/962/873 876/937/851
f 876/937/851 900/962/873 901/963/313 877/938/289
f 877/939/289 901/964/313 902/965/874 878/940/852
f 878/940/852 902/965/874 903/966/875 879/941/853
f 879/941/853 903/966/875 904/967/876 880/942/854
f 880/942/854 904/967/876 905/968/877 881/943/855
f 881/943/855 905/968/877 906/969/878 882/944/856
f 882/944/856 906/969/878 907/970/879 883/945/857
f 883/945/857 907/970/879 908/971/880 884/946/858
f 884/946/858 908/971/880 909/972/881 885/947/859
f 885/947/859 909/972/881 910/973/882 886/948/860
f 886/948/860 910/973/882 911/974/883 887/949/861
f 887/949/861 911/974/883 912/975/884 888/950/862
f 888/950/862 912/975/884 889/951/325 865/926/301
f 889/951/325 913/976/349 914/977/885 890/952/863
f 890/952/863 914/977/885 915/978/886 891/953/864
f 891/953/864 915/978/886 916/979/887 892/954/865
f 892/954/865 916/979/887 917/980/888 893/955/866
f 893/955/866 917/980/888 918/981/889 894/956/867
f 894/956/867 918/981/889 919/982/890 895/957/868
f 895/957/868 919/982/890 920/983/891 896/958/869
f 896/958/869 920/983/891 921/984/892 897/959/870
f 897/959/870 921/984/892 922/985/893 898/960/871
f 898/960/871 922/985/893 923/986/894 899/961/872
f 899/961/872 923/986/894 924/987/895 900/962/873
f 900/962/873 924/987/895 925/988/337 901/963/313
f 901/964/313 925/989/337 926/990/896 902/965/874
f 902/965/874 926/990/896 927/991/897 903/966/875
f 903/966/875 927/991/897 928/992/898 904/967/876
f 904/967/876 928/992/898 929/993/899 905/968/877
f 905/968/877 929/993/899 930/994/900 906/969/878
f 906/969/878 930/994/900 931/995/901 907/970/879
f 907/970/879 931/995/901 932/996/902 908/971/880
f 908/971/880 932/996/902 933/997/903 909/972/881
f 909/972/881 933/997/903 934/998/904 910/973/882
f 910/973/882 934/998/904 935/999/905 911/974/883
f 911/974/883 935/999/905 936/1000/906 912/975/884
f 912/975/884 936/1000/906 913/976/349 889/951/325
f 913/976/349 937/1001/373 938/1002/907 914/977/885
f 914/977/885 938/1002/907 939/1003/908 915/978/886
f 915/978/886 939/1003/908 940/1004/909 916/979/887
f 916/979/887 940/1004/909 941/1005/910 917/980/888
f 917/980/888 941/1005/910 942/1006/911 918/981/889
f 918/981/889 942/1006/911 943/1007/912 919/982/890
f 919/982/890 943/1007/912 944/1008/913 920/983/891
f 920/983/891 944/1008/913 945/1009/914 921/984/892
f 921/984/892 945/1009/914 946/1010/915 922/985/893
f 922/985/893 946/1010/915 947/1011/916 923/986/894
f 923/986/894 947/1011/916 948/1012/917 924/987/895
f 924/987/895 948/1012/917 949/1013/361 925/988/337
f 925/989/337 949/1014/361 950/1015/918 926/990/896
f 926/990/896 950/1015/918 951/1016/919 927/991/897
f 927/991/897 951/1016/919 952/1017/920 928/992/898
f 928/992/898 952/1017/920 953/1018/921 929/993/899
f 929/993/899 953/1018/921 954/1019/922 930/994/900
f 930/994/900 954/1019/922 955/1020/923 931/995/901
f 931/995/901 955/1020/923 956/1021/924 932/996/902
f 932/996/902 956/1021/924 957/1022/925 933/997/903
f 933/997/903 957/1022/925 958/1023/926 934/998/904
f 934/998/904 958/1023/926 959/1024/927 935/999/905
f 935/999/905 959/1024/927 960/1025/928 936/1000/906
f 936/1000/906 960/1025/928 937/1001/373 913/976/349
f 937/1001/373 961/1026/397 962/1027/929 938/1002/907
f 938/1002/907 962/1027/929 963/1028/930 939/1003/908
f 939/1003/908 963/1028/930 964/1029/931 940/1004/909
f 940/1004/909 964/1029/931 965/1030/932 941/1005/910
f 941/1005/910 965/1030/932 966/1031/933 942/1006/911
f 942/1006/911 966/1031/933 967/1032/934 943/1007/912
f 943/1007/912 967/1032/934 968/1033/935 944/1008/913
f 944/1008/913 968/1033/935 969/1034/936 945/1009/914
f 945/1009/914 969/1034/936 970/1035/937 946/1010/915
f 946/1010/915 970/1035/937 971/1036/938 947/1011/916
f 947/1011/916 971/1036/938 972/1037/939 948/1012/917
f 948/1012/917 972/1037/939 973/1038/385 949/1013/361
f 949/1014/361 973/1039/385 974/1040/940 950/1015/918
f 950/1015/918 974/1040/940 975/1041/941 951/1016/919
f 951/1016/919 975/1041/941 976/1042/942 952/1017/920
f 952/1017/920 976/1042/942 977/1043/943 953/1018/921
f 953/1018/921 977/1043/943 978/1044/944 954/1019/922
f 954/1019/922 978/1044/944 979/1045/945 955/1020/923
f 955/1020/923 979/1045/945 980/1046/946 956/1021/924
f 956/1021/924 980/1046/946 981/1047/947 957/1022/925
f 957/1022/925 981/1047/947 982/1048/948 958/1023/926
f 958/1023/926 982/1048/948 983/1049/949 959/1024/927
f 959/1024/927 983/1049/949 984/1050/950 960/1025/928
f 960/1025/928 984/1050/950 961/1026/397 937/1001/373
f 961/1026/397 985/1051/421 986/1052/951 962/1027/929
f 962/1027/929 986/1052/951 987/1053/952 963/1028/930
f 963/1028/930 987/1053/952 988/1054/953 964/1029/931
f 964/1029/931 988/1054/953 989/1055/954 965/1030/932
f 965/1030/932 989/1055/954 990/1056/955 966/1031/933
f 966/1031/933 990/1056/955 991/1057/956 967/1032/934
f 967/1032/934 991/1057/956 992/1058/957 968/1033/935
f 968/1033/935 992/1058/957 993/1059/958 969/1034/936
f 969/1034/936 993/1059/958 994/1060/959 970/1035/937
f 970/1035/937 994/1060/959 995/1061/960 971/1036/938
f 971/1036/938 995/1061/960 996/1062/961 972/1037/939
f 972/1037/939 996/1062/961 997/1063/409 973/1038/385
f 973/1039/385 997/1064/409 998/1065/962 974/1040/940
f 974/1040/940 998/1065/962 999/1066/963 975/1041/941
f 975/1041/941 999/1066/963 1000/1067/964 976/1042/942
f 976/1042/942 1000/1067/964 1001/1068/965 977/1043/943
f 977/1043/943 1001/1068/965 1002/1069/966 978/1044/944
f 978/1044/944 1002/1069/966 1003/1070/967 979/1045/945
f 979/1045/945 1003/1070/967 1004/1071/968 980/1046/946
f 980/1046/946 1004/1071/968 1005/1072/969 981/1047/947
f 981/1047/947 1005/1072/969 1006/1073/970 982/1048/948
f 982/1048/948 1006/1073/970 1007/1074/971 983/1049/949
f 983/1049/949 1007/1074/971 1008/1075/972 984/1050/950
f 984/1050/950 1008/1075/972 985/1051/421 961/1026/397
f 985/1051/421 1009/1076/445 1010/1077/973 986/1052/951
f 986/1052/951 1010/1077/973 1011/1078/974 987/1053/952
f 987/1053/952 1011/1078/974 1012/1079/975 988/1054/953
f 988/1054/953 1012/1079/975 1013/1080/976 989/1055/954
f 989/1055/954 1013/1080/976 1014/1081/977 990/1056/955
f 990/1056/955 1014/1081/977 1015/1082/978 991/1057/956
f 991/1057/956 1015/1082/978 1016/1083/979 992/1058/957
f 992/1058/957 1016/1083/979 1017/1084/980 993/1059/958
f 993/1059/958 1017/1084/980 1018/1085/981 994/1060/959
f 994/1060/959 1018/1085/981 1019/1086/982 995/1061/960
f 995/1061/960 1019/1086/982 1020/1087/983 996/1062/961
f 996/1062/961 1020/1087/983 1021/1088/433 997/1063/409
f 997/1064/409 1021/1089/433 1022/1090/984 998/1065/962
f 998/1065/962 1022/1090/984 1023/1091/985 999/1066/963
f 999/1066/963 1023/1091/985 1024/1092/986 1000/1067/964
f 1000/1067/964 1024/1092/986 1025/1093/987 1001/1068/965
f 1001/1068/965 1025/1093/987 1026/1094/988 1002/1069/966
f 1002/1069/966 1026/1094/988 1027/1095/989 1003/1070/967
f 1003/1070/967 1027/1095/989 1028/1096/990 1004/1071/968
f 1004/1071/968 1028/1096/990 1029/1097/991 1005/1072/969
f 1005/1072/969 1029/1097/991 1030/1098/992 1006/1073/970
f 1006/1073/970 1030/1098/992 1031/1099/993 1007/1074/971
f 1007/1074/971 1031/1099/993 1032/1100/994 1008/1075/972
f 1008/1075/972 1032/1100/994 1009/1076/445 985/1051/421
f 1009/1076/445 1033/1101/469 1034/1102/995 1010/1077/973
f 1010/1077/973 1034/1102/995 1035/1103/996 1011/1078/974
f 1011/1078/974 1035/1103/996 1036/1104/997 1012/1079/975
f 1012/1079/975 1036/1104/997 1037/1105/998 1013/1080/976
f 1013/1080/976 1037/1105/998 1038/1106/999 1014/1081/977
f 1014/1081/977 1038/1106/999 1039/1107/1000 1015/1082/978
f 1015/1082/978 1039/1107/1000 1040/1108/1001 1016/1083/979
f 1016/1083/979 1040/1108/1001 1041/1109/1002 1017/1084/980
f 1017/1084/980 1041/1109/1002 1042/1110/1003 1018/1085/981
f 1018/1085/981 1042/1110/1003 1043/1111/1004 1019/1086/982
f 1019/1086/982 1043/1111/1004 1044/1112/1005 1020/1087/983
f 1020/1087/983 1044/1112/1005 1045/1113/457 1021/1088/433
f 1021/1089/433 1045/1114/457 1046/1115/1006 1022/1090/984
f 1022/1090/984 1046/1115/1006 1047/1116/1007 1023/1091/985
f 1023/1091/985 1047/1116/1007 1048/1117/1008 1024/1092/986
f 1024/1092/986 1048/1117/1008 1049/1118/1009 1025/1093/987
f 1025/1093/987 1049/1118/1009 1050/1119/1010 1026/1094/988
f 1026/1094/988 1050/1119/1010 1051/1120/1011 1027/1095/989
f 1027/1095/989 1051/1120/1011 1052/1121/1012 1028/1096/990
f 1028/1096/990 1052/1121/1012 1053/1122/1013 1029/1097/991
f 1029/1097/991 1053/1122/1013 1054/1123/1014 1030/1098/992
f 1030/1098/992 1054/1123/1014 1055/1124/1015 1031/1099/993
f 1031/1099/993 1055/1124/1015 1056/1125/1016 1032/1100/994
f 1032/1100/994 1056/1125/1016 1033/1101/469 1009/1076/445
f 1033/1101/469 1057/1126/493 1058/1127/1017 1034/1102/995
f 1034/1102/995 1058/1127/1017 1059/1128/1018 1035/1103/996
f 1035/1103/996 1059/1128/1018 1060/1129/1019 1036/1104/997
f 1036/1104/997 1060/1129/1019 1061/1130/1020 1037/1105/998
f 1037/1105/998 1061/1130/1020 1062/1131/1021 1038/1106/999
f 1038/1106/999 1062/1131/1021 1063/1132/1022 1039/1107/1000
f 1039/1107/1000 1063/1132/1022 1064/1133/1023 1040/1108/1001
f 1040/1108/1001 1064/1133/1023 1065/1134/1024 1041/1109/1002
f 1041/1109/1002 1065/1134/1024 1066/1135/1025 1042/1110/1003
f 1042/1110/1003 1066/1135/1025 1067/1136/1026 1043/1111/1004
f 1043/1111/1004 1067/1136/1026 1068/1137/1027 1044/1112/1005
f 1044/1112/1005 1068/1137/1027 1069/1138/481 1045/1113/457
f 1045/1114/457 1069/1139/481 1070/1140/1028 1046/1115/1006
f 1046/1115/1006 1070/1140/1028 1071/1141/1029 1047/1116/1007
f 1047/1116/1007 1071/1141/1029 1072/1142/1030 1048/1117/1008
f 1048/1117/1008 1072/1142/1030 1073/1143/1031 1049/1118/1009
f 1049/1118/1009 1073/1143/1031 1074/1144/1032 1050/1119/1010
f 1050/1119/1010 1074/1144/1032 1075/1145/1033 1051/1120/1011
f 1051/1120/1011 1075/1145/1033 1076/1146/1034 1052/1121/1012
f 1052/1121/1012 1076/1146/1034 1077/1147/1035 1053/1122/1013
f 1053/1122/1013 1077/1147/1035 1078/1148/1036 1054/1123/1014
f 1054/1123/1014 1078/1148/1036 1079/1149/1037 1055/1124/1015
f 1055/1124/1015 1079/1149/1037 1080/1150/1038 1056/1125/1016
f 1056/1125/1016 1080/1150/1038 1057/1126/493 1033/1101/469
f 1057/1126/493 1081/1151/517 1082/1152/1039 1058/1127/1017
f 1058/1127/1017 1082/1152/1039 1083/1153/1040 1059/1128/1018
f 1059/1128/1018 1083/1153/1040 1084/1154/1041 1060/1129/1019
f 1060/1129/1019 1084/1154/1041 1085/1155/1042 1061/1130/1020
f 1061/1130/1020 1085/1155/1042 1086/1156/1043 1062/1131/1021
f 1062/1131/1021 1086/1156/1043 1087/1157/1044 1063/1132/1022
f 1063/1132/1022 1087/1157/1044 1088/1158/1045 1064/1133/1023
f 1064/1133/1023 1088/1158/1045 1089/1159/1046 1065/1134/1024
f 1065/1134/1024 1089/1159/1046 1090/1160/1047 1066/1135/1025
f 1066/1135/1025 1090/1160/1047 1091/1161/1048 1067/1136/1026
f 1067/1136/1026 1091/1161/1048 1092/1162/1049 1068/1137/1027
f 1068/1137/1027 1092/1162/1049 1093/1163/505 1069/1138/481
f 1069/1139/481 1093/1164/505 1094/1165/1050 1070/1140/1028
f 1070/1140/1028 1094/1165/1050 1095/1166/1051 1071/1141/1029
f 1071/1141/1029 1095/1166/1051 1096/1167/1052 1072/1142/1030
f 1072/1142/1030 1096/1167/1052 1097/1168/1053 1073/1143/1031
f 1073/1143/1031 1097/1168/1053 1098/1169/1054 1074/1144/1032
f 1074/1144/1032 1098/1169/1054 1099/1170/1055 1075/1145/1033
f 1075/1145/1033 1099/1170/1055 1100/1171/1056 1076/1146/1034
f 1076/1146/1034 1100/1171/1056 1101/1172/1057 1077/1147/1035
f 1077/1147/1035 1101/1172/1057 1102/1173/1058 1078/1148/1036
f 1078/1148/1036 1102/1173/1058 1103/1174/1059 1079/1149/1037
f 1079/1149/1037 1103/1174/1059 1104/1175/1060 1080/1150/1038
f 1080/1150/1038 1104/1175/1060 1081/1151/517 1057/1126/493
f 1081/1151/517 1105/1176/541 1106/1177/1061 1082/1152/1039
f 1082/1152/1039 1106/1177/1061 1107/1178/1062 1083/1153/1040
f 1083/1153/1040 1107/1178/1062 1108/1179/1063 1084/1154/1041
f 1084/1154/1041 1108/1179/1063 1109/1180/1064 1085/1155/1042
f 1085/1155/1042 1109/1180/1064 1110/1181/1065 1086/1156/1043
f 1086/1156/1043 1110/1181/1065 1111/1182/1066 1087/1157/1044
f 1087/1157/1044 1111/1182/1066 1112/1183/1067 1088/1158/1045
f 1088/1158/1045 1112/1183/1067 1113/1184/1068 1089/1159/1046
f 1089/1159/1046 1113/1184/1068 1114/1185/1069 1090/1160/1047
f 1090/1160/1047 1114/1185/1069 1115/1186/1070 1091/1161/1048
f 1091/1161/1048 1115/1186/1070 1116/1187/1071 1092/1162/1049
f 1092/1162/1049 1116/1187/1071 1117/1188/529 1093/1163/505
f 1093/1164/505 1117/1189/529 1118/1190/1072 1094/1165/1050
f 1094/1165/1050 1118/1190/1072 1119/1191/1073 1095/1166/1051
f 1095/1166/1051 1119/1191/1073 1120/1192/1074 1096/1167/1052
f 1096/1167/1052 1120/1192/1074 1121/1193/1075 1097/1168/1053
f 1097/1168/1053 1121/1193/1075 1122/1194/1076 1098/1169/1054
f 1098/1169/1054 1122/1194/1076 1123/1195/1077 1099/1170/1055
f 1099/1170/1055 1123/1195/1077 1124/1196/1078 1100/1171/1056
f 1100/1171/1056 1124/1196/1078 1125/1197/1079 1101/1172/1057
f 1101/1172/1057 1125/1197/1079 1126/1198/1080 1102/1173/1058
f 1102/1173/1058 1126/1198/1080 1127/1199/1081 1103/1174/1059
f 1103/1174/1059 1127/1199/1081 1128/1200/1082 1104/1175/1060
f 1104/1175/1060 1128/1200/1082 1105/1176/541 1081/1151/517
f 1105/1176/541 1129/1201/565 1130/1202/1083 1106/1177/1061
f 1106/1177/1061 1130/1202/1083 1131/1203/1084 1107/1178/1062
f 1107/1178/1062 1131/1203/1084 1132/1204/1085 1108/1179/1063
f 1108/1179/1063 1132/1204/1085 1133/1205/1086 1109/1180/1064
f 1109/1180/1064 1133/1205/1086 1134/1206/1087 1110/1181/1065
f 1110/1181/1065 1134/1206/1087 1135/1207/1088 1111/1182/1066
f 1111/1182/1066 1135/1207/1088 1136/1208/1089 1112/1183/1067
f 1112/1183/1067 1136/1208/1089 1137/1209/1090 1113/1184/1068
f 1113/1184/1068 1137/1209/1090 1138/1210/1091 1114/1185/1069
f 1114/1185/1069 1138/1210/1091 1139/1211/1092 1115/1186/1070
f 1115/1186/1070 1139/1211/1092 1140/1212/1093 1116/1187/1071
f 1116/1187/1071 1140/1212/1093 1141/1213/553 1117/1188/529
f 1117/1189/529 1141/1214/553 1142/1215/1094 1118/1190/1072
f 1118/1190/1072 1142/1215/1094 1143/1216/1095 1119/1191/1073
f 1119/1191/1073 1143/1216/1095 1144/1217/1096 1120/1192/1074
f 1120/1192/1074 1144/1217/1096 1145/1218/1097 1121/1193/1075
f 1121/1193/1075 1145/1218/1097 1146/1219/1098 1122/1194/1076
f 1122/1194/1076 1146/1219/1098 1147/1220/1099 1123/1195/1077
f 1123/1195/1077 1147/1220/1099 1148/1221/1100 1124/1196/1078
f 1124/1196/1078 1148/1221/1100 1149/1222/1101 1125/1197/1079
f 1125/1197/1079 1149/1222/1101 1150/1223/1102 1126/1198/1080
f 1126/1198/1080 1150/1223/1102 1151/1224/1103 1127/1199/1081
f 1127/1199/1081 1151/1224/1103 1152/1225/1104 1128/1200/1082
f 1128/1200/1082 1152/1225/1104 1129/1201/565 1105/1176/541
f 1129/1201/565 1/1/1 2/4/2 1130/1202/1083
f 1130/1202/1083 2/4/2 3/6/3 1131/1203/1084
f 1131/1203/1084 3/6/3 4/8/4 1132/1204/1085
f 1132/1204/1085 4/8/4 5/10/5 1133/1205/1086
f 1133/1205/1086 5/10/5 6/12/6 1134/1206/1087
f 1134/1206/1087 6/12/6 7/14/7 1135/1207/1088
f 1135/1207/1088 7/14/7 8/16/8 1136/1208/1089
f 1136/1208/1089 8/16/8 9/18/9 1137/1209/1090
f 1137/1209/1090 9/18/9 10/20/10 1138/1210/1091
f 1138/1210/1091 10/20/10 11/22/11 1139/1211/1092
f 1139/1211/1092 11/22/11 12/24/12 1140/1212/1093
f 1140/1212/1093 12/24/12 13/26/13 1141/1213/553
f 1141/1214/553 13/27/13 14/30/14 1142/1215/1094
f 1142/1215/1094 14/30/14 15/32/15 1143/1216/1095
f 1143/1216/1095 15/32/15 16/34/16 1144/1217/1096
f 1144/1217/1096 16/34/16 17/36/17 1145/1218/1097
f 1145/1218/1097 17/36/17 18/38/18 1146/1219/1098
f 1146/1219/1098 18/38/18 19/40/19 1147/1220/1099
f 1147/1220/1099 19/40/19 20/42/20 1148/1221/1100
f 1148/1221/1100 20/42/20 21/44/21 1149/1222/1101
f 1149/1222/1101 21/44/21 22/46/22 1150/1223/1102
f 1150/1223/1102 22/46/22 23/48/23 1151/1224/1103
f 1151/1224/1103 23/48/23 24/50/24 1152/1225/1104
f 1152/1225/1104 24/50/24 1/1/1 1129/1201/565
